Time,Symbol,Price,Quantity,Type,Status,Value,Tag 
2012-08-22T20:12:24Z,TSLA,1.9999998,24916,Market On Open,Filled,49831.9950168, 
2012-08-23T19:45:00Z,TSLA,2.043333129,-24916,Market,Filled,-50911.688242164,Liquidated 
2012-09-17T05:41:23Z,TSLA,2.156666451,24964,Market On Open,Filled,53839.021282764, 
2012-09-17T19:45:00Z,TSLA,2.1719997828,-24964,Market,Filled,-54221.802577819,Liquidated 
2012-09-25T08:35:04Z,TSLA,1.9093331424,24810,Market On Open,Filled,47370.555262944, 
2012-09-25T19:45:00Z,TSLA,1.8419998158,-24810,Market,Filled,-45700.015429998,Liquidated 
2012-11-16T06:26:08Z,TSLA,2.076666459,23729,Market On Open,Filled,49277.218405611, 
2012-11-16T20:45:00Z,TSLA,2.1286664538,-23729,Market,Filled,-50511.12628222,Liquidated 
2012-11-21T00:23:29Z,TSLA,2.1739997826,-22637,Market On Open,Filled,-49212.833078716, 
2012-11-21T20:45:00Z,TSLA,2.1593331174,22637,Market,Filled,48880.823778584,Liquidated 
2012-12-04T09:41:56Z,TSLA,2.2719997728,21626,Market On Open,Filled,49134.267086573, 
2012-12-04T20:45:00Z,TSLA,2.2593331074,-21626,Market,Filled,-48860.337780632,Liquidated 
2012-12-09T13:39:48Z,TSLA,2.2953331038,21696,Market On Open,Filled,49799.547020045, 
2012-12-10T20:45:00Z,TSLA,2.3046664362,-21696,Market,Filled,-50002.042999795,Liquidated 
2012-12-11T07:55:30Z,TSLA,2.306666436,21445,Market On Open,Filled,49466.46172002, 
2012-12-11T20:45:00Z,TSLA,2.3586664308,-21445,Market,Filled,-50581.601608506,Liquidated 
2012-12-19T06:21:51Z,TSLA,2.316666435,21816,Market On Open,Filled,50540.39494596, 
2012-12-19T20:45:00Z,TSLA,2.309999769,-21816,Market,Filled,-50394.954960504,Liquidated 
2013-02-12T00:45:06Z,TSLA,2.563333077,19504,Market On Open,Filled,49995.248333808, 
2013-02-12T20:45:00Z,TSLA,2.5079997492,-19504,Market,Filled,-48916.027108397,Liquidated 
2013-03-08T20:17:35Z,TSLA,2.5773330756,-18891,Market,Filled,-48688.39913116, 
2013-03-08T20:45:00Z,TSLA,2.5659997434,18891,Market,Filled,48474.301152569,Liquidated 
2013-03-25T22:49:30Z,TSLA,2.5319997468,19468,Market On Open,Filled,49292.971070702, 
2013-03-26T19:45:00Z,TSLA,2.523333081,-19468,Market,Filled,-49124.248420908,Liquidated 
2013-03-31T04:55:44Z,TSLA,2.8159997184,19141,Market On Open,Filled,53901.050609894, 
2013-04-01T19:45:00Z,TSLA,2.8813330452,-19141,Market,Filled,-55151.595818173,Liquidated 
2013-04-02T20:20:41Z,TSLA,2.873333046,16718,Market On Open,Filled,48036.381863028, 
2013-04-03T19:45:00Z,TSLA,2.7226663944,-16718,Market,Filled,-45517.536781579,Liquidated 
2013-04-08T23:23:02Z,TSLA,2.786666388,-16760,Market On Open,Filled,-46704.52866288, 
2013-04-09T19:45:00Z,TSLA,2.696666397,16760,Market,Filled,45196.12881372,Liquidated 
2013-04-11T06:12:40Z,TSLA,2.8039997196,17226,Market On Open,Filled,48301.69916983, 
2013-04-11T19:45:00Z,TSLA,2.8986663768,-17226,Market,Filled,-49932.427006757,Liquidated 
2013-04-24T02:43:03Z,TSLA,3.393332994,-14568,Market On Open,Filled,-49434.075056592, 
2013-04-24T19:45:00Z,TSLA,3.3506663316,14568,Market,Filled,48812.507118749,Liquidated 
2013-05-01T21:45:55Z,TSLA,3.589999641,14082,Market On Open,Filled,50554.374944562, 
2013-05-02T19:45:00Z,TSLA,3.6159996384,-14082,Market,Filled,-50920.506907949,Liquidated 
2013-05-04T10:38:16Z,TSLA,3.7593329574,13816,Market On Open,Filled,51938.944139438, 
2013-05-06T19:45:00Z,TSLA,3.8753329458,-13816,Market,Filled,-53541.599979173,Liquidated 
2013-05-09T03:55:46Z,TSLA,4.6666662,13911,Market On Open,Filled,64917.9935082, 
2013-05-09T19:45:00Z,TSLA,4.8953328438,-13911,Market,Filled,-68098.975190102,Liquidated 
2013-10-30T18:48:29Z,TSLA,10.6693322664,5135,Market,Filled,54787.021187964, 
2013-10-30T19:45:00Z,TSLA,10.6859989314,-5135,Market,Filled,-54872.604512739,Liquidated 
2013-11-02T22:57:33Z,TSLA,10.9999989,5067,Market On Open,Filled,55736.9944263, 
2013-11-04T20:45:00Z,TSLA,11.629998837,-5067,Market,Filled,-58929.204107079,Liquidated 
2013-11-19T19:51:48Z,TSLA,8.3573324976,-6930,Market,Filled,-57916.314208368, 
2013-11-19T20:45:00Z,TSLA,8.3373324996,6930,Market,Filled,57777.714222228,Liquidated 
2013-11-19T22:29:45Z,TSLA,8.4273324906,-6901,Market On Open,Filled,-58157.021517631, 
2013-11-20T20:45:00Z,TSLA,8.0319991968,6901,Market,Filled,55428.826457117,Liquidated 
2014-01-26T14:25:58Z,TSLA,11.6666655,5212,Market On Open,Filled,60806.660586, 
2014-01-27T20:45:00Z,TSLA,11.3586655308,-5212,Market,Filled,-59201.36474653,Liquidated 
2014-02-02T19:08:53Z,TSLA,12.1926654474,-4880,Market On Open,Filled,-59500.207383312, 
2014-02-03T20:45:00Z,TSLA,11.8173321516,4880,Market,Filled,57668.580899808,Liquidated 
2014-02-07T22:55:59Z,TSLA,12.6226654044,4889,Market On Open,Filled,61712.211162112, 
2014-02-10T20:45:00Z,TSLA,13.1446653522,-4889,Market,Filled,-64264.268906906,Liquidated 
2014-03-14T10:21:48Z,TSLA,15.6859984314,3993,Market On Open,Filled,62634.19173658, 
2014-03-14T19:45:00Z,TSLA,15.3559984644,-3993,Market,Filled,-61316.501868349,Liquidated 
2014-05-25T21:13:37Z,TSLA,13.9013319432,4482,Market On Open,Filled,62305.769769422, 
2014-05-27T19:45:00Z,TSLA,14.1379985862,-4482,Market,Filled,-63366.509663348,Liquidated 
2014-11-25T03:54:05Z,TSLA,16.506665016,3827,Market On Open,Filled,63171.007016232, 
2014-11-25T20:45:00Z,TSLA,16.506665016,-3827,Market,Filled,-63171.007016232,Liquidated 
2015-01-30T01:42:56Z,TSLA,13.5973319736,-4599,Market On Open,Filled,-62534.129746586, 
2015-01-30T20:45:00Z,TSLA,13.569998643,4599,Market,Filled,62408.423759157,Liquidated 
2015-02-25T02:02:45Z,TSLA,13.6679986332,4629,Market On Open,Filled,63269.165673083, 
2015-02-25T20:45:00Z,TSLA,13.5759986424,-4629,Market,Filled,-62843.29771567,Liquidated 
2015-03-19T00:14:43Z,TSLA,13.46666532,4672,Market On Open,Filled,62916.26037504, 
2015-03-19T19:45:00Z,TSLA,13.0179986982,-4672,Market,Filled,-60820.08991799,Liquidated 
2015-04-02T00:09:07Z,TSLA,12.6819987318,4828,Market On Open,Filled,61228.68987713, 
2015-04-02T19:45:00Z,TSLA,12.7079987292,-4828,Market,Filled,-61354.217864578,Liquidated 
2015-04-19T19:59:47Z,TSLA,13.7773319556,4386,Market On Open,Filled,60427.377957262, 
2015-04-20T19:45:00Z,TSLA,13.6679986332,-4386,Market,Filled,-59947.842005215,Liquidated 
2015-06-15T20:23:09Z,TSLA,16.6753316658,3591,Market On Open,Filled,59881.116011888, 
2015-06-16T19:45:00Z,TSLA,16.8279983172,-3591,Market,Filled,-60429.341957065,Liquidated 
2015-06-20T02:12:23Z,TSLA,17.4686649198,3454,Market On Open,Filled,60336.768632989, 
2015-06-22T19:45:00Z,TSLA,17.3326649334,-3454,Market,Filled,-59867.024679964,Liquidated 
2015-10-11T04:36:12Z,TSLA,14.8613318472,4075,Market On Open,Filled,60559.92727734, 
2015-10-12T19:45:00Z,TSLA,14.4393318894,-4075,Market,Filled,-58840.277449305,Liquidated 
2015-10-22T01:36:53Z,TSLA,14.1039985896,4155,Market On Open,Filled,58602.114139788, 
2015-10-22T19:45:00Z,TSLA,14.1493319184,-4155,Market,Filled,-58790.474120952,Liquidated 
2016-02-10T13:08:55Z,TSLA,10.03333233,5902,Market On Open,Filled,59216.72741166, 
2016-02-10T20:45:00Z,TSLA,9.5226657144,-5902,Market,Filled,-56202.773046389,Liquidated 
2016-03-05T23:33:48Z,TSLA,13.173332016,4124,Market On Open,Filled,54326.821233984, 
2016-03-07T20:45:00Z,TSLA,13.7453319588,-4124,Market,Filled,-56685.748998091,Liquidated 
2016-04-09T04:36:20Z,TSLA,16.73333166,3454,Market On Open,Filled,57796.92755364, 
2016-04-11T19:45:00Z,TSLA,16.6819983318,-3454,Market,Filled,-57619.622238037,Liquidated 
2016-05-06T13:21:07Z,TSLA,14.0579985942,4069,Market On Open,Filled,57201.9962798, 
2016-05-06T19:45:00Z,TSLA,14.26666524,-4069,Market,Filled,-58051.06086156,Liquidated 
2016-06-05T00:02:22Z,TSLA,14.5206652146,3985,Market On Open,Filled,57864.850880181, 
2016-06-06T19:45:00Z,TSLA,14.7139985286,-3985,Market,Filled,-58635.284136471,Liquidated 
2016-07-10T20:54:56Z,TSLA,14.6639985336,4076,Market On Open,Filled,59770.458022954, 
2016-07-11T19:45:00Z,TSLA,14.9953318338,-4076,Market,Filled,-61120.972554569,Liquidated 
2016-07-18T01:17:33Z,TSLA,14.6426652024,4098,Market On Open,Filled,60005.641999435, 
2016-07-18T19:45:00Z,TSLA,15.0839984916,-4098,Market,Filled,-61814.225818577,Liquidated 
2016-07-21T08:59:40Z,TSLA,15.06666516,4071,Market On Open,Filled,61336.39386636, 
2016-07-21T19:45:00Z,TSLA,14.6673318666,-4071,Market,Filled,-59710.708028929,Liquidated 
2016-07-30T02:27:21Z,TSLA,15.69999843,3853,Market On Open,Filled,60492.09395079, 
2016-08-01T19:45:00Z,TSLA,15.3286651338,-3853,Market,Filled,-59061.346760531,Liquidated 
2016-09-14T02:15:09Z,TSLA,13.049998695,4503,Market On Open,Filled,58764.144123585, 
2016-09-14T19:45:00Z,TSLA,13.1073320226,-4503,Market,Filled,-59022.316097768,Liquidated 
2016-09-28T23:05:50Z,TSLA,13.706665296,-4295,Market On Open,Filled,-58870.12744632, 
2016-09-29T19:45:00Z,TSLA,13.4653319868,4295,Market,Filled,57833.600883306,Liquidated 
2016-11-04T20:16:43Z,TSLA,12.9306653736,4727,Market On Open,Filled,61123.255221007, 
2016-11-07T20:45:00Z,TSLA,12.8579987142,-4727,Market,Filled,-60779.759922023,Liquidated 
2016-11-18T02:52:05Z,TSLA,12.7093320624,4744,Market On Open,Filled,60293.071304026, 
2016-11-18T20:45:00Z,TSLA,12.3886654278,-4744,Market,Filled,-58771.828789483,Liquidated 
2016-11-19T14:39:05Z,TSLA,12.3359987664,4710,Market On Open,Filled,58102.554189744, 
2016-11-21T20:45:00Z,TSLA,12.3753320958,-4710,Market,Filled,-58287.814171218,Liquidated 
2016-12-22T06:00:57Z,TSLA,13.8653319468,4206,Market On Open,Filled,58317.586168241, 
2016-12-22T20:45:00Z,TSLA,13.8873319446,-4206,Market,Filled,-58410.118158988,Liquidated 
2017-01-11T05:41:41Z,TSLA,15.2713318062,3804,Market On Open,Filled,58092.146190785, 
2017-01-11T20:45:00Z,TSLA,15.3239984676,-3804,Market,Filled,-58292.49017075,Liquidated 
2017-02-11T07:19:03Z,TSLA,18.0493315284,3257,Market On Open,Filled,58786.672787999, 
2017-02-13T20:45:00Z,TSLA,18.7013314632,-3257,Market,Filled,-60910.236575642,Liquidated 
2017-02-23T17:23:31Z,TSLA,17.3293316004,3494,Market,Filled,60548.684611798, 
2017-02-23T20:45:00Z,TSLA,17.1193316214,-3494,Market,Filled,-59814.944685172,Liquidated 
2017-03-24T18:29:40Z,TSLA,17.4113315922,3434,Market,Filled,59790.512687615, 
2017-03-24T19:45:00Z,TSLA,17.4719982528,-3434,Market,Filled,-59998.842000115,Liquidated 
2017-05-10T11:57:12Z,TSLA,21.4373311896,2799,Market On Open,Filled,60003.08999969, 
2017-05-10T19:45:00Z,TSLA,21.6393311694,-2799,Market,Filled,-60568.487943151,Liquidated 
2017-05-11T01:41:00Z,TSLA,21.5973311736,2790,Market On Open,Filled,60256.553974344, 
2017-05-11T19:45:00Z,TSLA,21.5546645112,-2790,Market,Filled,-60137.513986248,Liquidated 
2017-05-24T08:51:56Z,TSLA,20.449997955,2978,Market On Open,Filled,60900.09390999, 
2017-05-24T19:45:00Z,TSLA,20.6293312704,-2978,Market,Filled,-61434.148523251,Liquidated 
2017-06-05T21:40:44Z,TSLA,22.979997702,-2627,Market On Open,Filled,-60368.453963154, 
2017-06-06T19:45:00Z,TSLA,23.5193309814,2627,Market,Filled,61785.282488138,Liquidated 
2017-06-10T02:38:16Z,TSLA,23.8659976134,-2494,Market On Open,Filled,-59521.79804782, 
2017-06-10T03:00:57Z,TSLA,23.8659976134,4988,Market On Open,Filled,119043.59609564, 
2017-06-12T19:45:00Z,TSLA,23.8519976148,-2494,Market,Filled,-59486.882051311,Liquidated 
2017-07-02T21:52:55Z,TSLA,24.593330874,2460,Market On Open,Filled,60499.59395004, 
2017-07-03T16:45:00Z,TSLA,23.6119976388,-2460,Market,Filled,-58085.514191448,Liquidated 
2017-07-22T01:09:51Z,TSLA,22.016664465,2598,Market On Open,Filled,57199.29428007, 
2017-07-24T19:45:00Z,TSLA,22.7459977254,-2598,Market,Filled,-59094.102090589,Liquidated 
2017-07-26T07:19:16Z,TSLA,22.7479977252,2595,Market On Open,Filled,59031.054096894, 
2017-07-26T19:45:00Z,TSLA,22.896664377,-2595,Market,Filled,-59416.844058315,Liquidated 
2017-07-29T05:49:32Z,TSLA,22.36666443,2646,Market On Open,Filled,59182.19408178, 
2017-07-31T19:45:00Z,TSLA,21.6119978388,-2646,Market,Filled,-57185.346281465,Liquidated 
2017-08-05T23:45:03Z,TSLA,23.79999762,2399,Market On Open,Filled,57096.19429038, 
2017-08-07T19:45:00Z,TSLA,23.729997627,-2399,Market,Filled,-56928.264307173,Liquidated 
2017-11-23T11:03:03Z,TSLA,20.8853312448,2730,Market On Open,Filled,57016.954298304, 
2017-11-24T17:45:00Z,TSLA,21.0006645666,-2730,Market,Filled,-57331.814266818,Liquidated 
2017-12-21T20:35:15Z,TSLA,22.109997789,2586,Market,Filled,57176.454282354, 
2017-12-21T20:45:00Z,TSLA,22.1173311216,-2586,Market,Filled,-57195.418280458,Liquidated 
2018-02-01T04:35:34Z,TSLA,23.3659976634,2421,Market On Open,Filled,56569.080343091, 
2018-02-01T20:45:00Z,TSLA,23.2806643386,-2421,Market,Filled,-56362.488363751,Liquidated 
2018-02-16T05:35:21Z,TSLA,22.16666445,-2557,Market On Open,Filled,-56680.16099865, 
2018-02-16T20:45:00Z,TSLA,22.3879977612,2557,Market,Filled,57246.110275388,Liquidated 
2018-03-07T23:55:42Z,TSLA,22.1959977804,2544,Market On Open,Filled,56466.618353338, 
2018-03-08T20:45:00Z,TSLA,21.9179978082,-2544,Market,Filled,-55759.386424061,Liquidated 
2018-03-18T08:32:53Z,TSLA,21.09999789,2596,Market On Open,Filled,54775.59452244, 
2018-03-19T19:45:00Z,TSLA,20.7839979216,-2596,Market,Filled,-53955.258604474,Liquidated 
2018-04-02T02:15:22Z,TSLA,17.06666496,3088,Market On Open,Filled,52701.86139648, 
2018-04-02T19:45:00Z,TSLA,16.7513316582,-3088,Market,Filled,-51728.112160522,Liquidated 
2018-05-10T05:01:56Z,TSLA,20.5026646164,2629,Market On Open,Filled,53901.505276516, 
2018-05-10T14:19:05Z,TSLA,20.543331279,-6,Market,Filled,-123.259987674, 
2018-05-10T19:45:00Z,TSLA,20.3673312966,-2623,Market,Filled,-53423.509990982,Liquidated 
2018-05-11T23:53:22Z,TSLA,20.2213313112,2661,Market On Open,Filled,53808.962619103, 
2018-05-14T19:45:00Z,TSLA,19.5006647166,-2661,Market,Filled,-51891.268810873,Liquidated 
2018-05-15T00:55:12Z,TSLA,18.9999981,-2644,Market On Open,Filled,-50235.9949764, 
2018-05-15T19:45:00Z,TSLA,18.8726647794,2644,Market,Filled,49899.325676734,Liquidated 
2018-05-20T10:32:40Z,TSLA,18.7553314578,2805,Market On Open,Filled,52608.704739129, 
2018-05-21T19:45:00Z,TSLA,18.913331442,-2805,Market,Filled,-53051.89469481,Liquidated 
2018-05-22T05:39:52Z,TSLA,19.1919980808,2751,Market On Open,Filled,52797.186720281, 
2018-05-22T19:45:00Z,TSLA,18.349998165,-2751,Market,Filled,-50480.844951915,Liquidated 
2018-05-22T22:08:07Z,TSLA,18.5173314816,2719,Market On Open,Filled,50348.62429847, 
2018-05-23T19:45:00Z,TSLA,18.5319981468,-2719,Market,Filled,-50388.502961149,Liquidated 
2018-05-24T00:24:05Z,TSLA,18.559998144,-2680,Market On Open,Filled,-49740.79502592, 
2018-05-24T19:45:00Z,TSLA,18.5279981472,2680,Market,Filled,49655.035034496,Liquidated 
2018-05-26T21:59:06Z,TSLA,18.59999814,-2685,Market On Open,Filled,-49940.9950059, 
2018-05-29T19:45:00Z,TSLA,18.9053314428,2685,Market,Filled,50760.814923918,Liquidated 
2018-05-31T02:36:53Z,TSLA,19.16666475,2523,Market On Open,Filled,48357.49516425, 
2018-05-31T19:45:00Z,TSLA,19.0306647636,-2523,Market,Filled,-48014.367198563,Liquidated 
2018-06-03T10:17:43Z,TSLA,19.6226647044,2504,Market On Open,Filled,49135.152419818, 
2018-06-04T19:45:00Z,TSLA,19.7739980226,-2504,Market,Filled,-49514.09104859,Liquidated 
2018-06-08T21:30:38Z,TSLA,21.5006645166,2317,Market On Open,Filled,49817.039684962, 
2018-06-11T19:45:00Z,TSLA,22.2139977786,-2317,Market,Filled,-51469.832853016,Liquidated 
2018-06-17T00:19:04Z,TSLA,23.679997632,2123,Market On Open,Filled,50272.634972736, 
2018-06-18T19:45:00Z,TSLA,24.703330863,-2123,Market,Filled,-52445.171422149,Liquidated 
2018-06-19T07:37:42Z,TSLA,24.3439975656,2137,Market On Open,Filled,52023.122797687, 
2018-06-19T19:45:00Z,TSLA,23.516664315,-2137,Market,Filled,-50255.111641155,Liquidated 
2018-06-22T22:12:24Z,TSLA,22.0173311316,2295,Market On Open,Filled,50529.774947022, 
2018-06-25T19:45:00Z,TSLA,22.1919977808,-2295,Market,Filled,-50930.634906936,Liquidated 
2018-06-26T21:22:46Z,TSLA,22.9999977,-2255,Market On Open,Filled,-51864.9948135, 
2018-06-26T22:09:22Z,TSLA,22.9999977,4510,Market On Open,Filled,103729.989627, 
2018-06-27T19:45:00Z,TSLA,22.9173310416,-2255,Market,Filled,-51678.581498808,Liquidated 
2018-07-03T01:39:02Z,TSLA,22.116664455,-2292,Market On Open,Filled,-50691.39493086, 
2018-07-03T16:45:00Z,TSLA,20.873331246,2292,Market,Filled,47841.675215832,Liquidated 
2018-07-04T05:23:29Z,TSLA,20.9293312404,2606,Market On Open,Filled,54541.837212482, 
2018-07-05T12:18:21Z,TSLA,20.9293312404,-5212,Market On Open,Filled,-109083.67442496, 
2018-07-05T19:45:00Z,TSLA,20.593331274,2606,Market,Filled,53666.221300044,Liquidated 
2018-07-06T00:08:53Z,TSLA,20.29999797,2660,Market On Open,Filled,53997.9946002, 
2018-07-06T19:45:00Z,TSLA,20.5453312788,-2660,Market,Filled,-54650.581201608,Liquidated 
2018-07-12T13:05:03Z,TSLA,21.429997857,2608,Market On Open,Filled,55889.434411056, 
2018-07-12T19:45:00Z,TSLA,21.0006645666,-2608,Market,Filled,-54769.733189693,Liquidated 
2018-07-14T06:46:20Z,TSLA,20.7806645886,2555,Market On Open,Filled,53094.598023873, 
2018-07-16T19:45:00Z,TSLA,20.616664605,-2555,Market,Filled,-52675.578065775,Liquidated 
2018-07-23T22:25:35Z,TSLA,20.3333313,2665,Market On Open,Filled,54188.3279145, 
2018-07-24T19:45:00Z,TSLA,19.7746646892,-2665,Market,Filled,-52699.481396718,Liquidated 
2018-07-31T22:40:44Z,TSLA,19.769998023,2634,Market On Open,Filled,52074.174792582, 
2018-08-01T19:45:00Z,TSLA,20.09999799,-2634,Market,Filled,-52943.39470566,Liquidated 
2018-08-01T22:41:17Z,TSLA,21.9013311432,2652,Market On Open,Filled,58082.330191766, 
2018-08-02T19:45:00Z,TSLA,23.1926643474,-2652,Market,Filled,-61506.945849305,Liquidated 
2018-08-06T00:25:34Z,TSLA,22.9999977,2438,Market On Open,Filled,56073.9943926, 
2018-08-06T19:45:00Z,TSLA,22.8953310438,-2438,Market,Filled,-55818.817084784,Liquidated 
2018-08-07T22:08:17Z,TSLA,24.5893308744,2225,Market On Open,Filled,54711.26119554, 
2018-08-08T19:45:00Z,TSLA,24.7106641956,-2225,Market,Filled,-54981.22783521,Liquidated 
2018-08-11T22:43:50Z,TSLA,24.0273309306,2386,Market On Open,Filled,57329.211600412, 
2018-08-13T19:45:00Z,TSLA,23.8139976186,-2386,Market,Filled,-56820.19831798,Liquidated 
2018-08-17T03:39:13Z,TSLA,21.519997848,2505,Market On Open,Filled,53907.59460924, 
2018-08-17T19:45:00Z,TSLA,20.283331305,-2505,Market,Filled,-50809.744919025,Liquidated 
2018-08-18T12:39:23Z,TSLA,19.4906647176,2598,Market On Open,Filled,50636.746936325, 
2018-08-20T19:45:00Z,TSLA,20.2419979758,-2598,Market,Filled,-52588.710741128,Liquidated 
2018-08-23T03:37:26Z,TSLA,21.2359978764,2557,Market On Open,Filled,54300.446569955, 
2018-08-23T19:45:00Z,TSLA,21.3293312004,-2557,Market,Filled,-54539.099879423,Liquidated 
2018-08-24T17:06:43Z,TSLA,21.4326645234,2568,Market,Filled,55039.082496091, 
2018-08-24T19:45:00Z,TSLA,21.5146645152,-2568,Market,Filled,-55249.658475034,Liquidated 
2018-08-25T21:30:16Z,TSLA,21.2153312118,2566,Market On Open,Filled,54438.539889479, 
2018-08-26T03:16:39Z,TSLA,21.2153312118,-5132,Market On Open,Filled,-108877.07977896, 
2018-08-27T19:45:00Z,TSLA,21.1886645478,2566,Market,Filled,54370.113229655,Liquidated 
2018-08-28T07:11:32Z,TSLA,21.2273312106,2595,Market On Open,Filled,55084.924491507, 
2018-08-28T19:45:00Z,TSLA,20.8326645834,-2595,Market,Filled,-54060.764593923,Liquidated 
2018-09-04T02:26:58Z,TSLA,19.79999802,2695,Market On Open,Filled,53360.9946639, 
2018-09-04T19:45:00Z,TSLA,19.259998074,-2695,Market,Filled,-51905.69480943,Liquidated 
2018-09-14T19:57:22Z,TSLA,19.686664698,2678,Market,Filled,52720.888061244, 
2018-09-17T19:45:00Z,TSLA,19.6326647034,-2678,Market,Filled,-52576.276075705,Liquidated 
2018-09-20T06:43:52Z,TSLA,20.19999798,2636,Market On Open,Filled,53247.19467528, 
2018-09-20T19:45:00Z,TSLA,19.9773313356,-2636,Market,Filled,-52660.245400642,Liquidated 
2018-09-20T21:45:59Z,TSLA,19.846664682,2611,Market On Open,Filled,51819.641484702, 
2018-09-21T19:45:00Z,TSLA,19.9853313348,-2611,Market,Filled,-52181.700115163,Liquidated 
2018-09-29T01:24:41Z,TSLA,20.39999796,-2961,Market On Open,Filled,-60404.39395956, 
2018-09-29T01:34:05Z,TSLA,20.39999796,5922,Market On Open,Filled,120808.78791912, 
2018-10-01T19:45:00Z,TSLA,20.6373312696,-2961,Market,Filled,-61107.137889286,Liquidated 
2018-10-08T19:43:18Z,TSLA,16.7186649948,3165,Market,Filled,52914.574708542, 
2018-10-08T19:45:00Z,TSLA,16.753331658,-3165,Market,Filled,-53024.29469757,Liquidated 
2018-10-12T04:13:20Z,TSLA,17.3906649276,3151,Market On Open,Filled,54797.985186868, 
2018-10-12T19:45:00Z,TSLA,17.1893316144,-3151,Market,Filled,-54163.583916974,Liquidated 
2018-10-15T01:53:35Z,TSLA,17.2706649396,3033,Market On Open,Filled,52381.926761807, 
2018-10-15T19:45:00Z,TSLA,17.3906649276,-3033,Market,Filled,-52745.886725411,Liquidated 
2018-10-15T20:45:24Z,TSLA,17.63333157,3043,Market On Open,Filled,53658.22796751, 
2018-10-16T19:45:00Z,TSLA,18.4373314896,-3043,Market,Filled,-56104.799722853,Liquidated 
2018-10-19T03:20:44Z,TSLA,17.8259982174,3130,Market On Open,Filled,55795.374420462, 
2018-10-19T19:45:00Z,TSLA,17.2079982792,-3130,Market,Filled,-53861.034613896,Liquidated 
2018-10-25T11:36:32Z,TSLA,21.16666455,2761,Market On Open,Filled,58441.16082255, 
2018-10-25T19:45:00Z,TSLA,20.7886645878,-2761,Market,Filled,-57397.502926916,Liquidated 
2018-10-26T02:50:56Z,TSLA,20.549997945,2479,Market On Open,Filled,50943.444905655, 
2018-10-26T19:45:00Z,TSLA,21.8073311526,-2479,Market,Filled,-54060.373927295,Liquidated 
2018-10-27T05:17:21Z,TSLA,22.4659977534,2499,Market On Open,Filled,56142.528385747, 
2018-10-27T05:52:47Z,TSLA,22.4659977534,-4998,Market On Open,Filled,-112285.05677149, 
2018-10-29T19:45:00Z,TSLA,21.839997816,2499,Market,Filled,54578.154542184,Liquidated 
2018-10-31T21:39:02Z,TSLA,22.5506644116,2518,Market On Open,Filled,56782.572988409, 
2018-11-01T19:45:00Z,TSLA,22.9606643706,-2518,Market,Filled,-57814.952885171,Liquidated 
2018-11-02T23:44:35Z,TSLA,22.689997731,2496,Market On Open,Filled,56634.234336576, 
2018-11-05T20:45:00Z,TSLA,22.76666439,-2496,Market,Filled,-56825.59431744,Liquidated 
2018-11-08T13:41:37Z,TSLA,23.259997674,2490,Market On Open,Filled,57917.39420826, 
2018-11-08T20:45:00Z,TSLA,23.306664336,-2490,Market,Filled,-58033.59419664,Liquidated 
2018-11-09T10:02:46Z,TSLA,23.2513310082,2471,Market On Open,Filled,57454.038921262, 
2018-11-09T20:45:00Z,TSLA,23.343330999,-2471,Market,Filled,-57681.370898529,Liquidated 
2018-11-14T20:47:11Z,TSLA,22.9326643734,2534,Market,Filled,58111.371522196, 
2018-11-15T20:45:00Z,TSLA,23.1246643542,-2534,Market,Filled,-58597.899473543,Liquidated 
2018-11-29T23:35:25Z,TSLA,22.7886643878,2575,Market On Open,Filled,58680.810798585, 
2018-11-30T20:45:00Z,TSLA,23.3813309952,-2575,Market,Filled,-60206.92731264,Liquidated 
2018-12-02T03:40:53Z,TSLA,24.0186642648,2570,Market On Open,Filled,61727.967160536, 
2018-12-03T20:45:00Z,TSLA,24.0246642642,-2570,Market,Filled,-61743.387158994,Liquidated 
2018-12-09T23:56:02Z,TSLA,23.9999976,2516,Market On Open,Filled,60383.9939616, 
2018-12-10T20:45:00Z,TSLA,24.369997563,-2516,Market,Filled,-61314.913868508,Liquidated 
2018-12-11T18:08:20Z,TSLA,24.5379975462,2486,Market,Filled,61001.461899853, 
2018-12-11T20:45:00Z,TSLA,24.6093308724,-2486,Market,Filled,-61178.796548786,Liquidated 
2018-12-18T20:18:51Z,TSLA,22.4826644184,2718,Market,Filled,61107.881889211, 
2018-12-18T20:45:00Z,TSLA,22.496664417,-2718,Market,Filled,-61145.933885406,Liquidated 
2018-12-23T00:06:57Z,TSLA,20.89999791,2867,Market On Open,Filled,59920.29400797, 
2018-12-24T17:45:00Z,TSLA,19.8706646796,-2867,Market,Filled,-56969.195636413,Liquidated 
2018-12-25T04:34:43Z,TSLA,20.0006646666,2952,Market On Open,Filled,59041.962095803, 
2018-12-26T20:45:00Z,TSLA,21.5473311786,-2952,Market,Filled,-63607.721639227,Liquidated 
2018-12-28T02:01:00Z,TSLA,21.5506645116,2973,Market On Open,Filled,64070.125592987, 
2018-12-28T20:45:00Z,TSLA,22.0519977948,-2973,Market,Filled,-65560.58944394,Liquidated 
2018-12-28T23:17:38Z,TSLA,22.4939977506,2881,Market On Open,Filled,64805.207519479, 
2018-12-31T20:45:00Z,TSLA,21.9886644678,-2881,Market,Filled,-63349.342331732,Liquidated 
2019-01-01T12:18:51Z,TSLA,20.406664626,2823,Market On Open,Filled,57608.014239198, 
2019-01-02T20:45:00Z,TSLA,20.603331273,-2823,Market,Filled,-58163.204183679,Liquidated 
2019-01-03T06:26:02Z,TSLA,20.4673312866,3055,Market On Open,Filled,62527.697080563, 
2019-01-03T20:45:00Z,TSLA,20.119997988,-3055,Market,Filled,-61466.59385334,Liquidated 
2019-01-10T11:41:31Z,TSLA,22.293331104,2750,Market On Open,Filled,61306.660536, 
2019-01-10T20:45:00Z,TSLA,22.9606643706,-2750,Market,Filled,-63141.82701915,Liquidated 
2019-01-17T10:32:17Z,TSLA,23.0806643586,2769,Market On Open,Filled,63910.359608963, 
2019-01-17T20:45:00Z,TSLA,23.1879976812,-2769,Market,Filled,-64207.565579243,Liquidated 
2019-01-23T04:56:04Z,TSLA,19.49999805,3219,Market On Open,Filled,62770.49372295, 
2019-01-23T20:45:00Z,TSLA,19.1273314206,-3219,Market,Filled,-61570.879842911,Liquidated 
2019-01-27T02:30:10Z,TSLA,19.5273313806,-3177,Market On Open,Filled,-62038.331796166, 
2019-01-28T01:30:20Z,TSLA,19.5273313806,6354,Market On Open,Filled,124076.66359233, 
2019-01-28T20:45:00Z,TSLA,19.753331358,-3177,Market,Filled,-62756.333724366,Liquidated 
2019-01-28T22:21:17Z,TSLA,19.6846646982,3217,Market On Open,Filled,63325.566334109, 
2019-01-29T20:45:00Z,TSLA,19.819998018,-3217,Market,Filled,-63760.933623906,Liquidated 
2019-01-31T09:43:08Z,TSLA,20.06666466,3108,Market On Open,Filled,62367.19376328, 
2019-01-31T20:45:00Z,TSLA,20.4053312928,-3108,Market,Filled,-63419.769658022,Liquidated 
2019-02-01T01:57:47Z,TSLA,20.3613312972,3175,Market On Open,Filled,64647.22686861, 
2019-02-01T20:45:00Z,TSLA,20.7173312616,-3175,Market,Filled,-65777.52675558,Liquidated 
2019-02-14T12:06:40Z,TSLA,20.2253313108,3217,Market On Open,Filled,65064.890826844, 
2019-02-14T20:45:00Z,TSLA,20.3186646348,-3217,Market,Filled,-65365.144130152,Liquidated 
2019-02-17T09:25:41Z,TSLA,20.4373312896,-3233,Market On Open,Filled,-66073.892059277, 
2019-02-19T20:45:00Z,TSLA,20.4646646202,3233,Market,Filled,66162.260717107,Liquidated 
2019-03-01T06:32:05Z,TSLA,20.449997955,3106,Market On Open,Filled,63517.69364823, 
2019-03-01T20:45:00Z,TSLA,19.606664706,-3106,Market,Filled,-60898.300576836,Liquidated 
2019-03-02T12:23:10Z,TSLA,19.9186646748,3236,Market On Open,Filled,64456.798887653, 
2019-03-04T20:45:00Z,TSLA,19.0179980982,-3236,Market,Filled,-61542.241845775,Liquidated 
2019-03-07T13:33:39Z,TSLA,18.5893314744,3293,Market On Open,Filled,61214.668545199, 
2019-03-07T20:45:00Z,TSLA,18.4019981598,-3293,Market,Filled,-60597.779940221,Liquidated 
2019-03-08T03:44:51Z,TSLA,18.4186648248,3254,Market On Open,Filled,59934.335339899, 
2019-03-08T20:45:00Z,TSLA,18.8659981134,-3254,Market,Filled,-61389.957861004,Liquidated 
2019-03-21T11:23:51Z,TSLA,18.173331516,3367,Market On Open,Filled,61189.607214372, 
2019-03-21T19:45:00Z,TSLA,18.3333315,-3367,Market,Filled,-61728.3271605,Liquidated 
2019-03-22T01:17:08Z,TSLA,18.1719981828,3390,Market On Open,Filled,61603.073839692, 
2019-03-22T19:45:00Z,TSLA,17.6046649062,-3390,Market,Filled,-59679.814032018,Liquidated 
2019-03-26T20:19:09Z,TSLA,17.9179982082,3360,Market On Open,Filled,60204.473979552, 
2019-03-27T19:45:00Z,TSLA,18.2886648378,-3360,Market,Filled,-61449.913855008,Liquidated 
2019-03-28T00:27:45Z,TSLA,18.4773314856,3339,Market On Open,Filled,61695.809830418, 
2019-03-28T19:45:00Z,TSLA,18.5079981492,-3339,Market,Filled,-61798.205820179,Liquidated 
2019-03-30T04:33:21Z,TSLA,18.8413314492,3283,Market On Open,Filled,61856.091147724, 
2019-04-01T19:45:00Z,TSLA,19.243331409,-3283,Market,Filled,-63175.857015747,Liquidated 
2019-04-04T05:00:16Z,TSLA,17.43333159,3215,Market On Open,Filled,56048.16106185, 
2019-04-04T19:45:00Z,TSLA,17.8453315488,-3215,Market,Filled,-57372.740929392,Liquidated 
2019-04-05T05:34:28Z,TSLA,17.9993315334,3575,Market On Open,Filled,64347.610231905, 
2019-04-05T19:45:00Z,TSLA,18.3426648324,-3575,Market,Filled,-65575.02677583,Liquidated 
2019-04-08T01:19:53Z,TSLA,18.5279981472,3547,Market On Open,Filled,65718.809428118, 
2019-04-08T19:45:00Z,TSLA,18.2039981796,-3547,Market,Filled,-64569.581543041,Liquidated 
2019-04-13T21:27:58Z,TSLA,17.9086648758,3577,Market On Open,Filled,64059.294260737, 
2019-04-15T19:45:00Z,TSLA,17.6886648978,-3577,Market,Filled,-63272.354339431,Liquidated 
2019-04-21T04:38:02Z,TSLA,17.93333154,3459,Market On Open,Filled,62031.39379686, 
2019-04-22T19:45:00Z,TSLA,17.5853315748,-3459,Market,Filled,-60827.661917233,Liquidated 
2019-04-23T09:37:56Z,TSLA,17.3333316,-3527,Market On Open,Filled,-61134.6605532, 
2019-04-23T19:45:00Z,TSLA,17.5586649108,3527,Market,Filled,61929.411140392,Liquidated 
2019-04-24T01:10:42Z,TSLA,17.589998241,-3464,Market On Open,Filled,-60931.753906824, 
2019-04-24T19:45:00Z,TSLA,17.3159982684,3464,Market,Filled,59982.618001738,Liquidated 
2019-04-26T21:05:04Z,TSLA,15.7239984276,3946,Market On Open,Filled,62046.89779531, 
2019-04-29T19:45:00Z,TSLA,16.0873317246,-3946,Market,Filled,-63480.610985272,Liquidated 
2019-04-30T03:25:27Z,TSLA,16.1373317196,3929,Market On Open,Filled,63403.576326308, 
2019-04-30T19:45:00Z,TSLA,15.8826650784,-3929,Market,Filled,-62402.991093034,Liquidated 
2019-05-04T21:52:29Z,TSLA,16.666665,3659,Market On Open,Filled,60983.327235, 
2019-05-06T19:45:00Z,TSLA,17.0273316306,-3659,Market,Filled,-62303.006436365,Liquidated 
2019-05-10T08:21:23Z,TSLA,15.983331735,-3936,Market On Open,Filled,-62910.39370896, 
2019-05-10T19:45:00Z,TSLA,15.9786650688,3936,Market,Filled,62892.025710797,Liquidated 
2019-05-12T07:33:31Z,TSLA,15.4879984512,3975,Market On Open,Filled,61564.79384352, 
2019-05-13T19:45:00Z,TSLA,15.1006651566,-3975,Market,Filled,-60025.143997485,Liquidated 
2019-05-30T02:18:48Z,TSLA,12.5826654084,-4890,Market On Open,Filled,-61529.233847076, 
2019-05-30T18:13:22Z,TSLA,12.5839987416,9805,Market,Filled,123386.10766139, 
2019-05-30T19:45:00Z,TSLA,12.5526654114,-4915,Market,Filled,-61696.350497031,Liquidated 
2019-06-13T10:17:38Z,TSLA,14.0253319308,4418,Market On Open,Filled,61963.916470274, 
2019-06-13T19:45:00Z,TSLA,14.2119985788,-4418,Market,Filled,-62788.609721138,Liquidated 
2019-06-15T04:38:41Z,TSLA,14.3253319008,4356,Market On Open,Filled,62401.145759885, 
2019-06-17T19:45:00Z,TSLA,14.9473318386,-4356,Market,Filled,-65110.577488942,Liquidated 
2019-06-21T22:03:31Z,TSLA,14.8826651784,4400,Market On Open,Filled,65483.72678496, 
2019-06-24T19:45:00Z,TSLA,14.929998507,-4400,Market,Filled,-65691.9934308,Liquidated 
2019-06-28T23:43:36Z,TSLA,15.3613317972,4379,Market On Open,Filled,67267.271939939, 
2019-07-01T19:45:00Z,TSLA,15.146665152,-4379,Market,Filled,-66327.246700608,Liquidated 
2019-07-03T00:22:58Z,TSLA,15.9593317374,4292,Market On Open,Filled,68497.451816921, 
2019-07-03T16:45:00Z,TSLA,15.7086650958,-4292,Market,Filled,-67421.590591174,Liquidated 
2019-07-04T02:28:34Z,TSLA,15.6379984362,4032,Market On Open,Filled,63052.409694758, 
2019-07-05T19:45:00Z,TSLA,15.5479984452,-4032,Market,Filled,-62689.529731046,Liquidated 
2019-07-08T23:59:51Z,TSLA,15.2646651402,-4086,Market On Open,Filled,-62371.421762857, 
2019-07-09T02:12:22Z,TSLA,15.2646651402,8172,Market On Open,Filled,124742.84352571, 
2019-07-09T19:45:00Z,TSLA,15.3219984678,-4086,Market,Filled,-62605.685739431,Liquidated 
2019-07-09T23:18:29Z,TSLA,15.609998439,4100,Market On Open,Filled,64000.9935999, 
2019-07-10T19:45:00Z,TSLA,15.8959984104,-4100,Market,Filled,-65173.59348264,Liquidated 
2019-07-11T21:31:47Z,TSLA,15.983331735,4025,Market On Open,Filled,64332.910233375, 
2019-07-12T19:45:00Z,TSLA,16.2906650376,-4025,Market,Filled,-65569.92677634,Liquidated 
2019-07-13T22:43:11Z,TSLA,16.5579983442,-3991,Market On Open,Filled,-66082.971391702, 
2019-07-13T22:44:49Z,TSLA,16.5579983442,7982,Market On Open,Filled,132165.9427834, 
2019-07-15T19:45:00Z,TSLA,16.9173316416,-3991,Market,Filled,-67517.070581626,Liquidated 
2019-07-19T01:18:01Z,TSLA,17.0459982954,-3938,Market On Open,Filled,-67127.141287285, 
2019-07-19T19:45:00Z,TSLA,17.273331606,3938,Market,Filled,68022.379864428,Liquidated 
2019-08-05T02:42:23Z,TSLA,15.306665136,4201,Market On Open,Filled,64303.300236336, 
2019-08-05T19:45:00Z,TSLA,15.3039984696,-4201,Market,Filled,-64292.09757079,Liquidated 
2019-08-08T23:01:34Z,TSLA,15.736665093,4128,Market On Open,Filled,64960.953503904, 
2019-08-09T19:45:00Z,TSLA,15.746665092,-4128,Market,Filled,-65002.233499776,Liquidated 
2019-08-11T23:33:18Z,TSLA,15.5326651134,4186,Market On Open,Filled,65019.736164692, 
2019-08-12T19:45:00Z,TSLA,15.3273318006,-4186,Market,Filled,-64160.210917312,Liquidated 
2019-08-20T21:45:11Z,TSLA,14.8006651866,4295,Market On Open,Filled,63568.856976447, 
2019-08-21T19:45:00Z,TSLA,14.6793318654,-4295,Market,Filled,-63047.730361893,Liquidated 
2019-08-27T11:32:46Z,TSLA,14.3826652284,4473,Market On Open,Filled,64333.661566633, 
2019-08-27T19:45:00Z,TSLA,14.3106652356,-4473,Market,Filled,-64011.605598839,Liquidated 
2019-09-10T12:06:59Z,TSLA,15.386665128,4126,Market On Open,Filled,63485.380318128, 
2019-09-10T19:45:00Z,TSLA,15.6659984334,-4126,Market,Filled,-64637.909536208,Liquidated 
2019-09-15T23:02:31Z,TSLA,16.3753316958,3968,Market On Open,Filled,64977.316168934, 
2019-09-16T19:45:00Z,TSLA,16.1873317146,-3968,Market,Filled,-64231.332243533,Liquidated 
2019-09-16T20:50:32Z,TSLA,16.1646650502,3958,Market On Open,Filled,63979.744268692, 
2019-09-17T19:45:00Z,TSLA,16.2879983712,-3958,Market,Filled,-64467.89755321,Liquidated 
2019-09-17T20:39:00Z,TSLA,16.3333317,3954,Market On Open,Filled,64581.9935418, 
2019-09-18T19:45:00Z,TSLA,16.2253317108,-3954,Market,Filled,-64154.961584503,Liquidated 
2019-09-24T23:56:14Z,TSLA,14.9706651696,4305,Market On Open,Filled,64448.713555128, 
2019-09-25T19:45:00Z,TSLA,15.2319984768,-4305,Market,Filled,-65573.753442624,Liquidated 
2019-09-26T07:29:28Z,TSLA,15.3773317956,4272,Market On Open,Filled,65691.961430803, 
2019-09-26T19:45:00Z,TSLA,16.1559983844,-4272,Market,Filled,-69018.425098157,Liquidated 
2019-09-28T22:29:49Z,TSLA,16.1993317134,4238,Market On Open,Filled,68652.767801389, 
2019-09-30T19:45:00Z,TSLA,16.0413317292,-4238,Market,Filled,-67983.16386835,Liquidated 
2019-10-09T22:53:01Z,TSLA,16.3333317,-4153,Market On Open,Filled,-67832.3265501, 
2019-10-10T19:45:00Z,TSLA,16.296665037,4153,Market,Filled,67680.049898661,Liquidated 
2019-10-10T20:09:52Z,TSLA,16.476665019,4156,Market On Open,Filled,68477.019818964, 
2019-10-11T19:45:00Z,TSLA,16.576665009,-4156,Market,Filled,-68892.619777404,Liquidated 
2019-10-13T00:37:58Z,TSLA,16.526665014,4126,Market On Open,Filled,68189.019847764, 
2019-10-14T19:45:00Z,TSLA,17.09999829,-4126,Market,Filled,-70554.59294454,Liquidated 
2019-10-16T02:11:33Z,TSLA,17.1593316174,4101,Market On Open,Filled,70370.418962957, 
2019-10-16T19:45:00Z,TSLA,17.283331605,-4101,Market,Filled,-70878.942912105,Liquidated 
2019-10-16T23:30:27Z,TSLA,17.46666492,4098,Market On Open,Filled,71578.39284216, 
2019-10-17T19:45:00Z,TSLA,17.4393315894,-4098,Market,Filled,-71466.380853361,Liquidated 
2019-10-23T20:02:02Z,TSLA,19.8986646768,4171,Market On Open,Filled,82997.330366933, 
2019-10-24T19:45:00Z,TSLA,19.9379980062,-4171,Market,Filled,-83161.38968386,Liquidated 
2019-10-28T01:08:44Z,TSLA,21.823331151,3243,Market On Open,Filled,70773.062922693, 
2019-10-28T19:45:00Z,TSLA,21.8419978158,-3243,Market,Filled,-70833.598916639,Liquidated 
2019-10-29T01:34:58Z,TSLA,21.3139978686,-3248,Market On Open,Filled,-69227.865077213, 
2019-10-29T19:45:00Z,TSLA,21.0526645614,3248,Market,Filled,68379.054495427,Liquidated 
2019-11-08T05:15:14Z,TSLA,22.3333311,3209,Market On Open,Filled,71667.6594999, 
2019-11-08T20:45:00Z,TSLA,22.4926644174,-3209,Market,Filled,-72178.960115437,Liquidated 
2019-11-13T07:37:20Z,TSLA,23.6666643,3098,Market On Open,Filled,73319.3260014, 
2019-11-13T20:45:00Z,TSLA,23.1553310178,-3098,Market,Filled,-71735.215493144,Liquidated 
2019-11-21T00:32:11Z,TSLA,23.6339976366,-3009,Market On Open,Filled,-71114.698888529, 
2019-11-21T20:45:00Z,TSLA,23.6979976302,3009,Market,Filled,71307.274869272,Liquidated 
2019-11-22T02:16:33Z,TSLA,22.6773310656,2977,Market On Open,Filled,67510.414582291, 
2019-11-22T20:45:00Z,TSLA,22.2346644432,-2977,Market,Filled,-66192.596047406,Liquidated 
2019-12-08T04:45:01Z,TSLA,22.4393310894,-3085,Market On Open,Filled,-69225.336410799, 
2019-12-08T05:01:52Z,TSLA,22.4393310894,6170,Market On Open,Filled,138450.6728216, 
2019-12-09T20:45:00Z,TSLA,22.7259977274,-3085,Market,Filled,-70109.702989029,Liquidated 
2019-12-19T03:06:09Z,TSLA,26.4879973512,2667,Market On Open,Filled,70643.48893565, 
2019-12-19T13:36:51Z,TSLA,26.4879973512,-5334,Market On Open,Filled,-141286.9778713, 
2019-12-19T20:45:00Z,TSLA,26.983330635,2667,Market,Filled,71964.542803545,Liquidated 
2019-12-22T00:32:55Z,TSLA,27.4519972548,2535,Market On Open,Filled,69590.813040918, 
2019-12-23T00:26:55Z,TSLA,27.4519972548,-5070,Market On Open,Filled,-139181.62608184, 
2019-12-23T00:56:53Z,TSLA,27.4519972548,5070,Market On Open,Filled,139181.62608184, 
2019-12-23T20:45:00Z,TSLA,27.8979972102,-2535,Market,Filled,-70721.422927857,Liquidated 
2019-12-26T23:40:11Z,TSLA,28.9999971,2422,Market On Open,Filled,70237.9929762, 
2019-12-27T20:45:00Z,TSLA,28.6106638056,-2422,Market,Filled,-69295.027737163,Liquidated 
2019-12-29T12:58:44Z,TSLA,28.5859971414,2392,Market On Open,Filled,68377.705162229, 
2019-12-30T20:45:00Z,TSLA,27.6046639062,-2392,Market,Filled,-66030.35606363,Liquidated 
2019-12-31T07:28:28Z,TSLA,26.9999973,2397,Market On Open,Filled,64718.9935281, 
2019-12-31T20:45:00Z,TSLA,27.9606638706,-2397,Market,Filled,-67021.711297828,Liquidated 
2020-01-01T11:51:06Z,TSLA,28.29999717,2457,Market On Open,Filled,69533.09304669, 
2020-01-02T20:45:00Z,TSLA,28.6546638012,-2457,Market,Filled,-70404.508959548,Liquidated 
2020-01-15T22:10:01Z,TSLA,32.93333004,2007,Market On Open,Filled,66097.19339028, 
2020-01-16T20:45:00Z,TSLA,34.1773299156,-2007,Market,Filled,-68593.901140609,Liquidated 
2020-01-21T21:25:06Z,TSLA,38.06666286,1969,Market On Open,Filled,74953.25917134, 
2020-01-22T20:45:00Z,TSLA,37.7426628924,-1969,Market,Filled,-74315.303235136,Liquidated 
2020-01-25T10:18:04Z,TSLA,36.0726630594,1891,Market On Open,Filled,68213.405845325, 
2020-01-27T20:45:00Z,TSLA,37.06666296,-1891,Market,Filled,-70093.05965736,Liquidated 
2020-02-03T02:49:53Z,TSLA,44.9126621754,1684,Market On Open,Filled,75632.923103374, 
2020-02-03T20:45:00Z,TSLA,51.3333282,-1684,Market,Filled,-86445.3246888,Liquidated 
2020-02-08T07:46:31Z,TSLA,53.333328,1680,Market On Open,Filled,89599.99104, 
2020-02-10T20:45:00Z,TSLA,51.249994875,-1680,Market,Filled,-86099.99139,Liquidated 
2020-02-10T22:26:09Z,TSLA,51.2126615454,1562,Market On Open,Filled,79994.177333915, 
2020-02-11T20:45:00Z,TSLA,51.539994846,-1562,Market,Filled,-80505.471949452,Liquidated 
2020-02-15T09:15:45Z,TSLA,56.1479943852,1515,Market On Open,Filled,85064.211493578, 
2020-02-18T20:45:00Z,TSLA,57.2286609438,-1515,Market,Filled,-86701.421329857,Liquidated 
2020-02-22T00:49:55Z,TSLA,55.9059944094,1372,Market On Open,Filled,76703.024329697, 
2020-02-24T20:45:00Z,TSLA,55.7193277614,-1372,Market,Filled,-76446.917688641,Liquidated 
2020-02-26T21:53:19Z,TSLA,48.6806617986,1582,Market On Open,Filled,77012.806965385, 
2020-02-27T20:45:00Z,TSLA,45.2419954758,-1582,Market,Filled,-71572.836842716,Liquidated 
2020-03-04T23:24:42Z,TSLA,48.2513285082,1535,Market On Open,Filled,74065.789260087, 
2020-03-05T20:45:00Z,TSLA,48.209995179,-1535,Market,Filled,-74002.342599765,Liquidated 
2020-03-10T06:33:21Z,TSLA,43.9453289388,1890,Market On Open,Filled,83056.671694332, 
2020-03-10T19:45:00Z,TSLA,42.79999572,-1890,Market,Filled,-80891.9919108,Liquidated 
2020-03-15T07:03:44Z,TSLA,31.23333021,2043,Market On Open,Filled,63809.69361903, 
2020-03-16T19:45:00Z,TSLA,30.5659969434,-2043,Market,Filled,-62446.331755366,Liquidated 
2020-03-23T00:47:48Z,TSLA,28.8273304506,2564,Market On Open,Filled,73913.275275338, 
2020-03-23T19:45:00Z,TSLA,28.6406638026,-2564,Market,Filled,-73434.661989866,Liquidated 
2020-03-24T03:20:19Z,TSLA,31.83333015,2506,Market On Open,Filled,79774.3253559, 
2020-03-24T19:45:00Z,TSLA,33.86666328,-2506,Market,Filled,-84869.85817968,Liquidated 
2020-03-25T22:29:46Z,TSLA,36.649996335,2159,Market On Open,Filled,79127.342087265, 
2020-03-25T23:42:51Z,TSLA,36.649996335,-4318,Market On Open,Filled,-158254.68417453, 
2020-03-26T19:45:00Z,TSLA,34.5719965428,2159,Market,Filled,74640.940535905,Liquidated 
2020-03-27T19:14:39Z,TSLA,34.643329869,2368,Market,Filled,82035.405129792, 
2020-03-27T19:45:00Z,TSLA,34.56666321,-2368,Market,Filled,-81853.85848128,Liquidated 
2020-03-31T19:28:02Z,TSLA,34.4859965514,2374,Market,Filled,81869.755813024, 
2020-03-31T19:45:00Z,TSLA,34.553329878,-2374,Market,Filled,-82029.605130372,Liquidated 
2020-03-31T23:08:54Z,TSLA,33.59999664,2347,Market On Open,Filled,78859.19211408, 
2020-04-01T19:45:00Z,TSLA,31.876663479,-2347,Market,Filled,-74814.529185213,Liquidated 
2020-04-02T23:52:50Z,TSLA,33.9846632682,-2572,Market On Open,Filled,-87408.55392581, 
2020-04-03T19:45:00Z,TSLA,31.7393301594,2572,Market,Filled,81633.557169977,Liquidated 
2020-04-04T02:44:49Z,TSLA,34.0993299234,2614,Market On Open,Filled,89135.648419768, 
2020-04-04T07:26:01Z,TSLA,34.0993299234,-5228,Market On Open,Filled,-178271.29683954, 
2020-04-04T21:21:32Z,TSLA,34.0993299234,5228,Market On Open,Filled,178271.29683954, 
2020-04-06T19:45:00Z,TSLA,34.1153299218,-2614,Market,Filled,-89177.472415585,Liquidated 
2020-04-09T10:58:15Z,TSLA,37.4846629182,-2285,Market On Open,Filled,-85652.454768087, 
2020-04-09T19:40:57Z,TSLA,38.0619961938,4449,Market,Filled,169337.82106622, 
2020-04-09T19:45:00Z,TSLA,38.0493295284,-2164,Market,Filled,-82338.749099458,Liquidated 
2020-04-11T03:17:46Z,TSLA,39.4019960598,-2153,Market On Open,Filled,-84832.497516749, 
2020-04-11T11:13:23Z,TSLA,39.4019960598,4306,Market On Open,Filled,169664.9950335, 
2020-04-13T19:45:00Z,TSLA,43.2573290076,-2153,Market,Filled,-93133.029353363,Liquidated 
2020-04-16T07:33:49Z,TSLA,47.7606618906,1859,Market On Open,Filled,88787.070454625, 
2020-04-16T19:45:00Z,TSLA,49.756661691,-1859,Market,Filled,-92497.634083569,Liquidated 
2020-04-18T07:04:22Z,TSLA,48.846661782,1873,Market On Open,Filled,91489.797517686, 
2020-04-20T19:45:00Z,TSLA,50.1039949896,-1873,Market,Filled,-93844.782615521,Liquidated 
2020-04-22T12:13:13Z,TSLA,46.8019953198,2107,Market On Open,Filled,98611.804138819, 
2020-04-22T19:45:00Z,TSLA,48.3359951664,-2107,Market,Filled,-101843.9418156,Liquidated 
2020-04-24T04:31:31Z,TSLA,47.3873285946,2119,Market On Open,Filled,100413.74929196, 
2020-04-24T19:45:00Z,TSLA,48.343328499,-2119,Market,Filled,-102439.51308938,Liquidated 
2020-04-25T08:21:51Z,TSLA,49.1739950826,2103,Market On Open,Filled,103412.91165871, 
2020-04-27T19:45:00Z,TSLA,52.9793280354,-2103,Market,Filled,-111415.52685845,Liquidated 
2020-05-03T12:04:50Z,TSLA,46.7346619932,2345,Market On Open,Filled,109592.78237405, 
2020-05-04T19:45:00Z,TSLA,50.0659949934,-2345,Market,Filled,-117404.75825952,Liquidated 
2020-05-05T10:07:19Z,TSLA,52.663328067,2314,Market On Open,Filled,121862.94114704, 
2020-05-05T19:45:00Z,TSLA,51.3579948642,-2314,Market,Filled,-118842.40011576,Liquidated 
2020-05-07T04:05:15Z,TSLA,51.8006614866,2192,Market On Open,Filled,113547.04997863, 
2020-05-07T12:39:27Z,TSLA,51.8006614866,-4384,Market On Open,Filled,-227094.09995725, 
2020-05-07T19:45:00Z,TSLA,51.86666148,2192,Market,Filled,113691.72196416,Liquidated 
2020-05-08T01:42:45Z,TSLA,52.9306613736,2196,Market On Open,Filled,116235.73237643, 
2020-05-08T10:34:46Z,TSLA,52.9306613736,-4392,Market On Open,Filled,-232471.46475285, 
2020-05-08T19:45:00Z,TSLA,54.7126611954,2196,Market,Filled,120149.0039851,Liquidated 
2020-05-10T02:44:26Z,TSLA,52.7006613966,2018,Market On Open,Filled,106349.93469834, 
2020-05-11T19:45:00Z,TSLA,54.56666121,-2018,Market,Filled,-110115.52232178,Liquidated 
2020-05-11T21:33:53Z,TSLA,55.13332782,2107,Market On Open,Filled,116165.92171674, 
2020-05-12T19:45:00Z,TSLA,54.1553279178,-2107,Market,Filled,-114105.2759228,Liquidated 
2020-05-15T05:23:41Z,TSLA,52.719994728,-2089,Market On Open,Filled,-110132.06898679, 
2020-05-15T05:29:40Z,TSLA,52.719994728,4178,Market On Open,Filled,220264.13797358, 
2020-05-15T19:45:00Z,TSLA,53.329994667,-2089,Market,Filled,-111406.35885936,Liquidated 
2020-05-26T22:41:50Z,TSLA,54.6719945328,2072,Market On Open,Filled,113280.37267196, 
2020-05-27T19:45:00Z,TSLA,54.6353278698,-2072,Market,Filled,-113204.39934623,Liquidated 
2020-06-10T18:01:33Z,TSLA,67.1553266178,-1682,Market,Filled,-112955.25937114, 
2020-06-10T19:45:00Z,TSLA,68.1206598546,1682,Market,Filled,114578.94987544,Liquidated 
2020-06-10T23:07:53Z,TSLA,65.9993267334,1630,Market On Open,Filled,107578.90257544, 
2020-06-11T19:45:00Z,TSLA,65.4686601198,-1630,Market,Filled,-106713.91599527,Liquidated 
2020-06-21T06:04:37Z,TSLA,66.663326667,1656,Market On Open,Filled,110394.46896055, 
2020-06-22T19:45:00Z,TSLA,66.336660033,-1656,Market,Filled,-109853.50901465,Liquidated 
2020-06-25T06:58:55Z,TSLA,63.613326972,1717,Market On Open,Filled,109224.08241092, 
2020-06-25T19:45:00Z,TSLA,65.3586601308,-1717,Market,Filled,-112220.81944458,Liquidated 
2020-06-25T22:24:32Z,TSLA,66.303326703,1718,Market On Open,Filled,113909.11527575, 
2020-06-26T19:45:00Z,TSLA,64.173326916,-1718,Market,Filled,-110249.77564169,Liquidated 
2020-06-26T21:22:07Z,TSLA,64.5426602124,1708,Market On Open,Filled,110238.86364278, 
2020-06-29T19:45:00Z,TSLA,66.8153266518,-1708,Market,Filled,-114120.57792127,Liquidated 
2020-07-02T02:13:36Z,TSLA,81.4319918568,1515,Market On Open,Filled,123369.46766305, 
2020-07-02T19:45:00Z,TSLA,80.6259919374,-1515,Market,Filled,-122148.37778516,Liquidated 
2020-07-02T22:41:47Z,TSLA,85.1126581554,1388,Market On Open,Filled,118136.3695197, 
2020-07-04T03:28:13Z,TSLA,85.1126581554,-2776,Market On Open,Filled,-236272.73903939, 
2020-07-04T08:47:58Z,TSLA,85.1126581554,2776,Market On Open,Filled,236272.73903939, 
2020-07-06T19:45:00Z,TSLA,90.3506576316,-1388,Market,Filled,-125406.71279266,Liquidated 
2020-07-08T00:21:28Z,TSLA,93.7093239624,1285,Market On Open,Filled,120416.48129168, 
2020-07-08T19:45:00Z,TSLA,90.316657635,-1285,Market,Filled,-116056.90506097,Liquidated 
2020-07-09T03:14:09Z,TSLA,93.09999069,1260,Market On Open,Filled,117305.9882694, 
2020-07-09T19:45:00Z,TSLA,92.6846573982,-1260,Market,Filled,-116782.66832173,Liquidated 
2020-07-10T22:01:42Z,TSLA,110.59998894,1109,Market On Open,Filled,122655.38773446, 
2020-07-10T22:47:46Z,TSLA,110.59998894,-2218,Market On Open,Filled,-245310.77546892, 
2020-07-13T06:20:54Z,TSLA,110.59998894,2218,Market On Open,Filled,245310.77546892, 
2020-07-13T19:45:00Z,TSLA,103.183323015,-1109,Market,Filled,-114430.30522364,Liquidated 
2020-07-14T05:11:26Z,TSLA,103.73332296,1062,Market On Open,Filled,110164.78898352, 
2020-07-14T19:45:00Z,TSLA,100.86665658,-1062,Market,Filled,-107120.38928796,Liquidated 
2020-07-15T05:55:41Z,TSLA,102.8359897164,1018,Market On Open,Filled,104687.0375313, 
2020-07-15T19:45:00Z,TSLA,102.2486564418,-1018,Market,Filled,-104089.13225775,Liquidated 
2020-07-24T06:15:28Z,TSLA,94.4006572266,1014,Market On Open,Filled,95722.266427772, 
2020-07-24T19:45:00Z,TSLA,94.7786571888,-1014,Market,Filled,-96105.558389443,Liquidated 
2020-07-26T06:02:37Z,TSLA,95.6359904364,1087,Market On Open,Filled,103956.32160437, 
2020-07-27T19:45:00Z,TSLA,102.6106564056,-1087,Market,Filled,-111537.78351289,Liquidated 
2020-07-27T23:18:41Z,TSLA,99.99999,1074,Market On Open,Filled,107399.98926, 
2020-07-28T19:45:00Z,TSLA,99.59999004,-1074,Market,Filled,-106970.38930296,Liquidated 
2020-07-30T10:40:30Z,TSLA,99.19999008,1098,Market On Open,Filled,108921.58910784, 
2020-07-30T19:45:00Z,TSLA,99.6666567,-1098,Market,Filled,-109433.9890566,Liquidated 
2020-08-07T06:42:09Z,TSLA,99.983323335,1110,Market On Open,Filled,110981.48890185, 
2020-08-07T19:45:00Z,TSLA,96.6679903332,-1110,Market,Filled,-107301.46926985,Liquidated 
2020-08-07T21:53:23Z,TSLA,96.349990365,-1101,Market On Open,Filled,-106081.33939186, 
2020-08-08T23:26:59Z,TSLA,96.349990365,2202,Market On Open,Filled,212162.67878373, 
2020-08-10T19:45:00Z,TSLA,93.743323959,-1101,Market,Filled,-103211.39967886,Liquidated 
2020-08-11T05:30:45Z,TSLA,93.189990681,1097,Market On Open,Filled,102229.41977706, 
2020-08-11T19:45:00Z,TSLA,91.3486575318,-1097,Market,Filled,-100209.47731238,Liquidated 
2020-08-12T02:20:28Z,TSLA,97.9986568668,1110,Market On Open,Filled,108778.50912215, 
2020-08-12T19:45:00Z,TSLA,103.39998966,-1110,Market,Filled,-114773.9885226,Liquidated 
2020-08-14T23:00:14Z,TSLA,111.8573221476,978,Market On Open,Filled,109396.46106035, 
2020-08-15T23:57:38Z,TSLA,111.8573221476,-1956,Market On Open,Filled,-218792.92212071, 
2020-08-17T19:45:00Z,TSLA,122.8639877136,978,Market,Filled,120160.9799839,Liquidated 
2020-08-19T23:34:33Z,TSLA,123.9993209334,-774,Market On Open,Filled,-95975.474402452, 
2020-08-20T19:45:00Z,TSLA,133.989986601,774,Market,Filled,103708.24962917,Liquidated 
2020-08-20T23:12:02Z,TSLA,136.319986368,668,Market On Open,Filled,91061.750893824, 
2020-08-21T19:45:00Z,TSLA,136.0486530618,-668,Market,Filled,-90880.500245282,Liquidated 
2020-08-28T06:45:17Z,TSLA,153.1779846822,596,Market On Open,Filled,91294.078870591, 
2020-08-28T19:45:00Z,TSLA,148.0079851992,-596,Market,Filled,-88212.759178723,Liquidated 
2020-08-30T18:29:18Z,TSLA,148.296651837,582,Market On Open,Filled,86308.651369134, 
2020-08-31T19:45:00Z,TSLA,165.629983437,-582,Market,Filled,-96396.650360334,Liquidated 
2020-09-03T03:47:27Z,TSLA,135.706653096,643,Market On Open,Filled,87259.377940728, 
2020-09-03T19:45:00Z,TSLA,135.69998643,-643,Market,Filled,-87255.09127449,Liquidated 
2020-09-10T07:13:44Z,TSLA,129.146653752,786,Market On Open,Filled,101509.26984907, 
2020-09-10T19:45:00Z,TSLA,124.69998753,-786,Market,Filled,-98014.19019858,Liquidated 
2020-09-11T01:50:27Z,TSLA,127.29998727,747,Market On Open,Filled,95093.09049069, 
2020-09-11T19:45:00Z,TSLA,123.706654296,-747,Market,Filled,-92408.870759112,Liquidated 
2020-09-15T04:43:48Z,TSLA,145.649985435,642,Market On Open,Filled,93507.29064927, 
2020-09-15T19:45:00Z,TSLA,147.676651899,-642,Market,Filled,-94808.410519158,Liquidated 
2020-09-19T21:03:50Z,TSLA,151.069984893,618,Market On Open,Filled,93361.250663874, 
2020-09-21T19:45:00Z,TSLA,148.613318472,-618,Market,Filled,-91843.030815696,Liquidated 
2020-09-22T00:28:42Z,TSLA,143.089985691,598,Market On Open,Filled,85567.811443218, 
2020-09-22T19:45:00Z,TSLA,142.359985764,-598,Market,Filled,-85131.271486872,Liquidated 
2020-09-26T23:45:56Z,TSLA,141.596652507,656,Market On Open,Filled,92887.404044592, 
2020-09-28T19:45:00Z,TSLA,140.939985906,-656,Market,Filled,-92456.630754336,Liquidated 
2020-10-02T03:54:14Z,TSLA,140.473319286,593,Market On Open,Filled,83300.678336598, 
2020-10-02T19:45:00Z,TSLA,139.506652716,-593,Market,Filled,-82727.445060588,Liquidated 
2020-10-02T22:11:23Z,TSLA,141.036652563,637,Market On Open,Filled,89840.347682631, 
2020-10-05T19:45:00Z,TSLA,141.906652476,-637,Market,Filled,-90394.537627212,Liquidated 
2020-10-07T19:32:48Z,TSLA,142.239985776,-623,Market,Filled,-88615.511138448, 
2020-10-07T19:45:00Z,TSLA,141.876652479,623,Market,Filled,88389.154494417,Liquidated 
2020-10-07T20:11:04Z,TSLA,146.189985381,-627,Market On Open,Filled,-91661.120833887, 
2020-10-08T01:15:15Z,TSLA,146.189985381,1254,Market On Open,Filled,183322.24166777, 
2020-10-08T19:45:00Z,TSLA,142.346652432,-627,Market,Filled,-89251.351074864,Liquidated 
2020-10-11T00:38:36Z,TSLA,147.3333186,597,Market On Open,Filled,87957.9912042, 
2020-10-12T00:34:17Z,TSLA,147.3333186,-1194,Market On Open,Filled,-175915.9824084, 
2020-10-12T09:14:00Z,TSLA,147.3333186,1194,Market On Open,Filled,175915.9824084, 
2020-10-12T19:45:00Z,TSLA,147.863318547,-597,Market,Filled,-88274.401172559,Liquidated 
2020-10-14T22:09:13Z,TSLA,150.309984969,564,Market On Open,Filled,84774.831522516, 
2020-10-15T19:45:00Z,TSLA,149.776651689,-564,Market,Filled,-84474.031552596,Liquidated 
2020-10-17T01:23:43Z,TSLA,148.746651792,590,Market On Open,Filled,87760.52455728, 
2020-10-19T19:45:00Z,TSLA,143.969985603,-590,Market,Filled,-84942.29150577,Liquidated 
2020-10-27T07:07:30Z,TSLA,141.253319208,597,Market On Open,Filled,84328.231567176, 
2020-10-27T19:45:00Z,TSLA,141.73331916,-597,Market,Filled,-84614.79153852,Liquidated 
2020-10-31T10:53:10Z,TSLA,131.389986861,649,Market On Open,Filled,85272.101472789, 
2020-11-02T20:45:00Z,TSLA,132.519986748,-649,Market,Filled,-86005.471399452,Liquidated 
2020-11-06T15:19:53Z,TSLA,142.729985727,593,Market,Filled,84638.881536111, 
2020-11-06T20:45:00Z,TSLA,143.176652349,-593,Market,Filled,-84903.754842957,Liquidated 
2020-11-09T20:40:20Z,TSLA,142.576652409,595,Market,Filled,84833.108183355, 
2020-11-09T20:45:00Z,TSLA,141.929985807,-595,Market,Filled,-84448.341555165,Liquidated 
2020-11-10T21:13:59Z,TSLA,138.846652782,618,Market On Open,Filled,85807.231419276, 
2020-11-11T20:45:00Z,TSLA,138.93331944,-618,Market,Filled,-85860.79141392,Liquidated 
2020-11-21T22:48:12Z,TSLA,167.836649883,518,Market On Open,Filled,86939.384639394, 
2020-11-23T20:45:00Z,TSLA,174.563315877,-518,Market,Filled,-90423.797624286,Liquidated 
2020-11-24T02:13:28Z,TSLA,180.189981981,506,Market On Open,Filled,91176.130882386, 
2020-11-24T20:45:00Z,TSLA,184.636648203,-506,Market,Filled,-93426.143990718,Liquidated 
2020-12-02T18:30:19Z,TSLA,187.09998129,482,Market,Filled,90182.19098178, 
2020-12-02T20:45:00Z,TSLA,189.889981011,-482,Market,Filled,-91526.970847302,Liquidated 
2020-12-17T11:54:33Z,TSLA,209.529979047,441,Market On Open,Filled,92402.720759727, 
2020-12-17T20:45:00Z,TSLA,216.896644977,-441,Market,Filled,-95651.420434857,Liquidated 
2020-12-21T18:05:16Z,TSLA,220.293311304,430,Market,Filled,94726.12386072, 
2020-12-21T20:45:00Z,TSLA,217.486644918,-430,Market,Filled,-93519.25731474,Liquidated 
2020-12-26T22:49:14Z,TSLA,224.893310844,424,Market On Open,Filled,95354.763797856, 
2020-12-28T20:45:00Z,TSLA,222.286644438,-424,Market,Filled,-94249.537241712,Liquidated 
2020-12-30T03:17:14Z,TSLA,224.026644264,416,Market On Open,Filled,93195.084013824, 
2020-12-30T20:45:00Z,TSLA,231.39997686,-416,Market,Filled,-96262.39037376,Liquidated 
2021-01-02T08:21:48Z,TSLA,239.999976,406,Market On Open,Filled,97439.990256, 
2021-01-04T20:45:00Z,TSLA,243.29997567,-406,Market,Filled,-98779.79012202,Liquidated 
2021-01-09T22:11:44Z,TSLA,283.246638342,330,Market On Open,Filled,93471.39065286, 
2021-01-11T20:45:00Z,TSLA,269.673306366,-330,Market,Filled,-88992.19110078,Liquidated 
2021-01-16T06:30:50Z,TSLA,279.246638742,335,Market On Open,Filled,93547.62397857, 
2021-01-19T20:45:00Z,TSLA,280.783305255,-335,Market,Filled,-94062.407260425,Liquidated 
2021-01-22T02:01:16Z,TSLA,278.209972179,330,Market On Open,Filled,91809.29081907, 
2021-01-22T20:45:00Z,TSLA,281.616638505,-330,Market,Filled,-92933.49070665,Liquidated 
2021-01-29T05:36:57Z,TSLA,275.923305741,337,Market On Open,Filled,92986.154034717, 
2021-01-29T20:45:00Z,TSLA,266.596640007,-337,Market,Filled,-89843.067682359,Liquidated 
2021-02-12T01:42:50Z,TSLA,267.153306618,336,Market On Open,Filled,89763.511023648, 
2021-02-12T20:45:00Z,TSLA,270.786639588,-336,Market,Filled,-90984.310901568,Liquidated 
2021-02-19T04:50:40Z,TSLA,264.896640177,351,Market On Open,Filled,92978.720702127, 
2021-02-19T20:45:00Z,TSLA,259.36664073,-351,Market,Filled,-91037.69089623,Liquidated 
2021-03-14T18:01:29Z,TSLA,231.3333102,390,Market On Open,Filled,90219.990978, 
2021-03-15T19:45:00Z,TSLA,234.9999765,-390,Market,Filled,-91649.990835,Liquidated 
2021-04-05T15:21:03Z,TSLA,232.686643398,393,Market,Filled,91445.850855414, 
2021-04-05T19:45:00Z,TSLA,231.293310204,-393,Market,Filled,-90898.270910172,Liquidated 
2021-04-10T04:34:12Z,TSLA,228.463310487,403,Market On Open,Filled,92070.714126261, 
2021-04-12T19:45:00Z,TSLA,234.243309909,-403,Market,Filled,-94400.053893327,Liquidated 
2021-04-15T01:58:08Z,TSLA,247.836641883,382,Market On Open,Filled,94673.597199306, 
2021-04-15T19:45:00Z,TSLA,245.306642136,-382,Market,Filled,-93707.137295952,Liquidated 
2021-04-17T08:52:09Z,TSLA,239.3333094,374,Market On Open,Filled,89510.6577156, 
2021-04-19T19:45:00Z,TSLA,237.403309593,-374,Market,Filled,-88788.837787782,Liquidated 
2021-04-29T05:03:04Z,TSLA,233.33331,396,Market On Open,Filled,92399.99076, 
2021-04-29T19:45:00Z,TSLA,225.653310768,-396,Market,Filled,-89358.711064128,Liquidated 
2021-04-30T02:11:47Z,TSLA,222.589977741,393,Market On Open,Filled,87477.861252213, 
2021-04-30T19:45:00Z,TSLA,234.373309896,-393,Market,Filled,-92108.710789128,Liquidated 
2021-05-03T02:18:02Z,TSLA,234.516643215,394,Market On Open,Filled,92399.55742671, 
2021-05-03T19:45:00Z,TSLA,228.536643813,-394,Market,Filled,-90043.437662322,Liquidated 
2021-05-08T10:43:36Z,TSLA,221.59997784,405,Market On Open,Filled,89747.9910252, 
2021-05-10T19:45:00Z,TSLA,209.736645693,-405,Market,Filled,-84943.341505665,Liquidated 
2021-05-21T00:14:36Z,TSLA,198.893313444,440,Market On Open,Filled,87513.05791536, 
2021-05-21T19:45:00Z,TSLA,193.906647276,-440,Market,Filled,-85318.92480144,Liquidated 
2021-05-23T02:08:12Z,TSLA,193.876647279,433,Market On Open,Filled,83948.588271807, 
2021-05-24T19:45:00Z,TSLA,203.143313019,-433,Market,Filled,-87961.054537227,Liquidated 
2021-05-28T01:33:40Z,TSLA,209.49997905,418,Market On Open,Filled,87570.9912429, 
2021-05-28T19:45:00Z,TSLA,209.3333124,-418,Market,Filled,-87501.3245832,Liquidated 
2021-05-29T09:47:55Z,TSLA,209.219979078,421,Market On Open,Filled,88081.611191838, 
2021-06-01T19:45:00Z,TSLA,207.079979292,-421,Market,Filled,-87180.671281932,Liquidated 
2021-06-02T16:00:04Z,TSLA,201.883313145,430,Market,Filled,86809.82465235, 
2021-06-02T19:45:00Z,TSLA,201.313313202,-430,Market,Filled,-86564.72467686,Liquidated 
2021-06-09T21:42:41Z,TSLA,201.3333132,434,Market On Open,Filled,87378.6579288, 
2021-06-10T19:45:00Z,TSLA,203.016646365,-434,Market,Filled,-88109.22452241,Liquidated 
2021-06-11T08:29:28Z,TSLA,203.373312996,430,Market On Open,Filled,87450.52458828, 
2021-06-11T19:45:00Z,TSLA,201.849979815,-430,Market,Filled,-86795.49132045,Liquidated 
2021-06-16T08:59:42Z,TSLA,199.149980085,434,Market On Open,Filled,86431.09135689, 
2021-06-16T19:45:00Z,TSLA,202.356646431,-434,Market,Filled,-87822.784551054,Liquidated 
2021-06-17T06:15:54Z,TSLA,200.516646615,437,Market On Open,Filled,87625.774570755, 
2021-06-17T19:45:00Z,TSLA,206.169979383,-437,Market,Filled,-90096.280990371,Liquidated 
2021-06-19T03:26:57Z,TSLA,208.039979196,436,Market On Open,Filled,90705.430929456, 
2021-06-21T19:45:00Z,TSLA,207.13331262,-436,Market,Filled,-90310.12430232,Liquidated 
2021-06-24T05:11:10Z,TSLA,225.069977493,412,Market On Open,Filled,92728.830727116, 
2021-06-24T19:45:00Z,TSLA,227.23331061,-412,Market,Filled,-93620.12397132,Liquidated 
2021-07-02T17:10:28Z,TSLA,226.753310658,402,Market,Filled,91154.830884516, 
2021-07-02T19:45:00Z,TSLA,225.609977439,-402,Market,Filled,-90695.210930478,Liquidated 
2021-07-03T01:22:03Z,TSLA,227.249977275,400,Market On Open,Filled,90899.99091, 
2021-07-06T19:45:00Z,TSLA,219.726644694,-400,Market,Filled,-87890.6578776,Liquidated 
2021-07-07T20:51:06Z,TSLA,209.3333124,408,Market On Open,Filled,85407.9914592, 
2021-07-08T19:45:00Z,TSLA,216.29997837,-408,Market,Filled,-88250.39117496,Liquidated 
2021-07-14T20:33:37Z,TSLA,219.456644721,-415,Market On Open,Filled,-91074.507559215, 
2021-07-15T19:45:00Z,TSLA,215.883311745,415,Market,Filled,89591.574374175,Liquidated 
2021-07-16T23:18:45Z,TSLA,209.909979009,428,Market On Open,Filled,89841.471015852, 
2021-07-19T19:45:00Z,TSLA,213.883311945,-428,Market,Filled,-91542.05751246,Liquidated 
2021-07-25T08:32:41Z,TSLA,216.709978329,436,Market On Open,Filled,94485.550551444, 
2021-07-26T19:45:00Z,TSLA,219.683311365,-436,Market,Filled,-95781.92375514,Liquidated 
2021-07-27T18:42:20Z,TSLA,214.279978572,443,Market,Filled,94926.030507396, 
2021-07-27T19:45:00Z,TSLA,214.786645188,-443,Market,Filled,-95150.483818284,Liquidated 
2021-07-27T22:01:22Z,TSLA,215.539978446,442,Market On Open,Filled,95268.670473132, 
2021-07-27T22:10:50Z,TSLA,215.539978446,-884,Market On Open,Filled,-190537.34094626, 
2021-07-28T19:45:00Z,TSLA,216.523311681,442,Market,Filled,95703.303763002,Liquidated 
2021-07-29T08:52:25Z,TSLA,216.453311688,439,Market On Open,Filled,95023.003831032, 
2021-07-29T19:45:00Z,TSLA,225.439977456,-439,Market,Filled,-98968.150103184,Liquidated 
2021-08-01T00:19:09Z,TSLA,233.33331,430,Market On Open,Filled,100333.3233, 
2021-08-02T19:45:00Z,TSLA,236.046643062,-430,Market,Filled,-101500.05651666,Liquidated 
2021-08-04T08:17:38Z,TSLA,236.9999763,421,Market On Open,Filled,99776.9900223, 
2021-08-04T19:45:00Z,TSLA,237.039976296,-421,Market,Filled,-99793.830020616,Liquidated 
2021-08-11T21:42:59Z,TSLA,235.219976478,423,Market On Open,Filled,99498.050050194, 
2021-08-12T19:45:00Z,TSLA,239.913309342,-423,Market,Filled,-101483.32985167,Liquidated 
2021-08-30T13:03:34Z,TSLA,238.169976183,429,Market On Open,Filled,102174.91978251, 
2021-08-30T19:45:00Z,TSLA,242.663309067,-429,Market,Filled,-104102.55958974,Liquidated 
2021-08-31T11:15:06Z,TSLA,244.3333089,-425,Market On Open,Filled,-103841.6562825, 
2021-08-31T19:45:00Z,TSLA,243.626642304,425,Market,Filled,103541.3229792,Liquidated 
2021-09-01T22:40:05Z,TSLA,244.959975504,425,Market On Open,Filled,104107.9895892, 
2021-09-02T19:45:00Z,TSLA,243.529975647,-425,Market,Filled,-103500.23964998,Liquidated 
2021-09-03T05:39:50Z,TSLA,244.046642262,423,Market On Open,Filled,103231.72967683, 
2021-09-03T19:45:00Z,TSLA,243.603308973,-423,Market,Filled,-103044.19969558,Liquidated 
2021-09-11T01:31:14Z,TSLA,246.689975331,420,Market On Open,Filled,103609.78963902, 
2021-09-13T19:45:00Z,TSLA,246.849975315,-420,Market,Filled,-103676.9896323,Liquidated 
2021-09-16T22:24:56Z,TSLA,252.316641435,409,Market On Open,Filled,103197.50634692, 
2021-09-17T19:45:00Z,TSLA,253.406641326,-409,Market,Filled,-103643.31630233,Liquidated 
2021-09-19T18:39:33Z,TSLA,244.709975529,409,Market On Open,Filled,100086.37999136, 
2021-09-20T19:45:00Z,TSLA,242.396642427,-409,Market,Filled,-99140.226752643,Liquidated 
2021-09-21T08:23:37Z,TSLA,244.9999755,422,Market On Open,Filled,103389.989661, 
2021-09-21T19:45:00Z,TSLA,246.706641996,-422,Market,Filled,-104110.20292231,Liquidated 
2021-10-02T21:59:50Z,TSLA,265.449973455,400,Market On Open,Filled,106179.989382, 
2021-10-04T19:45:00Z,TSLA,260.456640621,-400,Market,Filled,-104182.6562484,Liquidated 
2021-10-08T13:12:12Z,TSLA,265.459973454,383,Market On Open,Filled,101671.16983288, 
2021-10-08T19:45:00Z,TSLA,262.719973728,-383,Market,Filled,-100621.74993782,Liquidated 
2021-10-10T03:32:17Z,TSLA,262.646640402,-383,Market On Open,Filled,-100593.66327397, 
2021-10-11T19:37:20Z,TSLA,264.816640185,759,Market,Filled,200995.82990042, 
2021-10-11T19:45:00Z,TSLA,264.919973508,-376,Market,Filled,-99609.910039008,Liquidated 
2021-10-22T19:34:21Z,TSLA,302.483303085,329,Market,Filled,99517.006714965, 
2021-10-22T19:45:00Z,TSLA,302.573303076,-329,Market,Filled,-99546.616712004,Liquidated 
2021-10-24T22:56:51Z,TSLA,317.16663495,328,Market On Open,Filled,104030.6562636, 
2021-10-25T19:45:00Z,TSLA,341.939965806,-328,Market,Filled,-112156.30878437,Liquidated 
2021-10-26T00:10:51Z,TSLA,341.389965861,-315,Market On Open,Filled,-107537.83924621, 
2021-10-26T00:12:24Z,TSLA,341.389965861,630,Market On Open,Filled,215075.67849243, 
2021-10-26T16:35:44Z,TSLA,345.859965414,-630,Market,Filled,-217891.77821082, 
2021-10-26T19:45:00Z,TSLA,339.916632675,315,Market,Filled,107073.73929263,Liquidated 
2021-10-27T05:09:50Z,TSLA,346.059965394,327,Market On Open,Filled,113161.60868384, 
2021-10-27T19:45:00Z,TSLA,346.589965341,-327,Market,Filled,-113334.91866651,Liquidated 
2021-10-28T01:41:16Z,TSLA,355.996631067,321,Market On Open,Filled,114274.91857251, 
2021-10-28T19:45:00Z,TSLA,355.896631077,-321,Market,Filled,-114242.81857572,Liquidated 
2021-10-28T19:53:53Z,TSLA,358.449964155,-310,Market,Filled,-111119.48888805, 
2021-10-29T19:45:00Z,TSLA,367.553296578,310,Market,Filled,113941.52193918,Liquidated 
2021-11-02T05:49:32Z,TSLA,386.666628,268,Market On Open,Filled,103626.656304, 
2021-11-02T19:45:00Z,TSLA,392.783294055,-268,Market,Filled,-105265.92280674,Liquidated 
2021-11-04T10:00:00Z,TSLA,411.619958838,271,Market On Open,Filled,111549.0088451, 
2021-11-04T19:45:00Z,TSLA,410.69995893,-271,Market,Filled,-111299.68887003,Liquidated 
2021-11-06T05:33:56Z,TSLA,383.073295026,269,Market On Open,Filled,103046.71636199, 
2021-11-08T20:45:00Z,TSLA,389.726627694,-269,Market,Filled,-104836.46284969,Liquidated 
2021-11-13T06:09:26Z,TSLA,339.056632761,-323,Market On Open,Filled,-109515.2923818, 
2021-11-15T20:45:00Z,TSLA,336.269966373,323,Market,Filled,108615.19913848,Liquidated 
2021-11-20T07:27:11Z,TSLA,387.313294602,296,Market On Open,Filled,114644.73520219, 
2021-11-22T20:45:00Z,TSLA,389.6666277,-296,Market,Filled,-115341.3217992,Liquidated 
2021-11-24T21:43:20Z,TSLA,366.489963351,304,Market On Open,Filled,111412.9488587, 
2021-11-26T17:45:00Z,TSLA,361.76663049,-304,Market,Filled,-109977.05566896,Liquidated 
2021-12-10T09:43:00Z,TSLA,336.249966375,333,Market On Open,Filled,111971.23880287, 
2021-12-10T20:45:00Z,TSLA,339.3332994,-333,Market,Filled,-112997.9887002,Liquidated 
2021-12-16T06:57:28Z,TSLA,331.483300185,346,Market On Open,Filled,114693.22186401, 
2021-12-16T20:45:00Z,TSLA,309.706635696,-346,Market,Filled,-107158.49595082,Liquidated 
2021-12-18T09:45:37Z,TSLA,303.483302985,338,Market On Open,Filled,102577.35640893, 
2021-12-20T20:45:00Z,TSLA,299.793303354,-338,Market,Filled,-101330.13653365,Liquidated 
2021-12-23T05:36:39Z,TSLA,335.089966491,309,Market On Open,Filled,103542.79964572, 
2021-12-23T20:45:00Z,TSLA,354.879964512,-309,Market,Filled,-109657.90903421,Liquidated 
2022-01-02T22:57:50Z,TSLA,382.846628382,312,Market On Open,Filled,119448.14805518, 
2022-01-03T20:45:00Z,TSLA,397.016626965,-312,Market,Filled,-123869.18761308,Liquidated 
2022-01-08T23:39:55Z,TSLA,333.3333,334,Market On Open,Filled,111333.3222, 
2022-01-10T20:45:00Z,TSLA,349.289965071,-334,Market,Filled,-116662.84833371,Liquidated 
2022-01-19T06:39:56Z,TSLA,347.09996529,348,Market On Open,Filled,120790.78792092, 
2022-01-19T20:45:00Z,TSLA,334.279966572,-348,Market,Filled,-116329.42836706,Liquidated 
2022-02-01T10:57:39Z,TSLA,311.373302196,369,Market On Open,Filled,114896.74851032, 
2022-02-01T20:45:00Z,TSLA,309.703302363,-369,Market,Filled,-114280.51857195,Liquidated 
2022-02-06T05:28:58Z,TSLA,307.773302556,372,Market On Open,Filled,114491.66855083, 
2022-02-07T20:45:00Z,TSLA,302.916636375,-372,Market,Filled,-112684.9887315,Liquidated 
2022-02-13T06:11:42Z,TSLA,287.273304606,393,Market On Open,Filled,112898.40871016, 
2022-02-14T20:45:00Z,TSLA,291.693304164,-393,Market,Filled,-114635.46853645,Liquidated 
2022-02-14T23:01:54Z,TSLA,299.99997,392,Market On Open,Filled,117599.98824, 
2022-02-15T20:45:00Z,TSLA,305.513302782,-392,Market,Filled,-119761.21469054,Liquidated 
2022-02-17T02:47:59Z,TSLA,304.419969558,-379,Market On Open,Filled,-115375.16846248, 
2022-02-17T20:45:00Z,TSLA,292.996637367,379,Market,Filled,111045.72556209,Liquidated 
2022-03-02T08:06:18Z,TSLA,290.709970929,420,Market On Open,Filled,122098.18779018, 
2022-03-02T20:45:00Z,TSLA,293.706637296,-420,Market,Filled,-123356.78766432,Liquidated 
2022-03-05T00:18:16Z,TSLA,285.873304746,-437,Market On Open,Filled,-124926.634174, 
2022-03-05T02:41:29Z,TSLA,285.873304746,874,Market On Open,Filled,249853.268348, 
2022-03-07T20:45:00Z,TSLA,269.856639681,-437,Market,Filled,-117927.3515406,Liquidated 
2022-03-14T04:49:43Z,TSLA,260.303307303,435,Market On Open,Filled,113231.93867681, 
2022-03-14T19:45:00Z,TSLA,254.643307869,-435,Market,Filled,-110769.83892302,Liquidated 
2022-03-17T10:57:51Z,TSLA,276.993305634,402,Market On Open,Filled,111351.30886487, 
2022-03-17T19:45:00Z,TSLA,290.729970927,-402,Market,Filled,-116873.44831265,Liquidated 
2022-03-20T21:26:04Z,TSLA,305.016636165,392,Market On Open,Filled,119566.52137668, 
2022-03-21T19:45:00Z,TSLA,306.683302665,-392,Market,Filled,-120219.85464468,Liquidated 
2022-03-27T19:35:41Z,TSLA,354.9999645,353,Market On Open,Filled,125314.9874685, 
2022-03-28T19:45:00Z,TSLA,363.16663035,-353,Market,Filled,-128197.82051355,Liquidated 
2022-04-02T20:09:47Z,TSLA,363.16663035,-337,Market On Open,Filled,-122387.15442795, 
2022-04-04T19:45:00Z,TSLA,379.653295368,337,Market,Filled,127943.16053902,Liquidated 
2022-04-07T12:05:56Z,TSLA,350.83329825,333,Market On Open,Filled,116827.48831725, 
2022-04-07T19:45:00Z,TSLA,354.189964581,-333,Market,Filled,-117945.25820547,Liquidated 
2022-04-08T14:51:44Z,TSLA,342.353299098,343,Market,Filled,117427.18159061, 
2022-04-08T19:45:00Z,TSLA,343.63329897,-343,Market,Filled,-117866.22154671,Liquidated 
2022-04-08T22:25:07Z,TSLA,326.713300662,344,Market On Open,Filled,112389.37542773, 
2022-04-11T19:45:00Z,TSLA,325.923300741,-344,Market,Filled,-112117.6154549,Liquidated 
2022-04-21T12:28:57Z,TSLA,358.53329748,-361,Market On Open,Filled,-129430.52039028, 
2022-04-21T12:34:10Z,TSLA,358.53329748,722,Market On Open,Filled,258861.04078056, 
2022-04-21T13:33:39Z,TSLA,354.29996457,-34,Market,Filled,-12046.19879538, 
2022-04-21T19:45:00Z,TSLA,336.016633065,-327,Market,Filled,-109877.43901225,Liquidated 
2022-04-23T03:38:13Z,TSLA,326.463300687,-328,Market On Open,Filled,-107079.96262534, 
2022-04-24T18:26:01Z,TSLA,326.463300687,656,Market On Open,Filled,214159.92525067, 
2022-04-24T18:50:25Z,TSLA,326.463300687,-656,Market On Open,Filled,-214159.92525067, 
2022-04-25T17:34:50Z,TSLA,332.156633451,654,Market,Filled,217230.43827695, 
2022-04-25T19:45:00Z,TSLA,330.106633656,-326,Market,Filled,-107614.76257186,Liquidated 
2022-05-06T21:50:14Z,TSLA,278.803305453,372,Market On Open,Filled,103714.82962852, 
2022-05-09T19:45:00Z,TSLA,263.003307033,-372,Market,Filled,-97837.230216276,Liquidated 
2022-05-10T20:07:33Z,TSLA,265.336640133,381,Market On Open,Filled,101093.25989067, 
2022-05-11T19:45:00Z,TSLA,243.6666423,-381,Market,Filled,-92836.9907163,Liquidated 
2022-05-25T02:18:58Z,TSLA,207.9999792,446,Market On Open,Filled,92767.9907232, 
2022-05-25T19:45:00Z,TSLA,220.736644593,-446,Market,Filled,-98448.543488478,Liquidated 
2022-05-26T23:19:00Z,TSLA,240.69997593,420,Market On Open,Filled,101093.9898906, 
2022-05-27T19:45:00Z,TSLA,252.536641413,-420,Market,Filled,-106065.38939346,Liquidated 
2022-05-28T04:14:54Z,TSLA,257.869974213,411,Market On Open,Filled,105984.55940154, 
2022-05-31T19:45:00Z,TSLA,252.043308129,-411,Market,Filled,-103589.79964102,Liquidated 
2022-06-04T09:56:21Z,TSLA,244.6666422,-433,Market On Open,Filled,-105940.6560726, 
2022-06-06T19:45:00Z,TSLA,237.926642874,433,Market,Filled,103022.23636444,Liquidated 
2022-06-09T20:25:37Z,TSLA,235.063309827,436,Market On Open,Filled,102487.60308457, 
2022-06-10T09:52:45Z,TSLA,235.063309827,-872,Market On Open,Filled,-204975.20616914, 
2022-06-10T19:45:00Z,TSLA,232.903310043,436,Market,Filled,101545.84317875,Liquidated 
2022-06-15T11:44:12Z,TSLA,220.783311255,477,Market On Open,Filled,105313.63946863, 
2022-06-15T19:45:00Z,TSLA,232.936643373,-477,Market,Filled,-111110.77888892,Liquidated 
2022-06-20T21:55:19Z,TSLA,224.459977554,513,Market On Open,Filled,115147.9684852, 
2022-06-21T19:45:00Z,TSLA,239.903309343,-513,Market,Filled,-123070.39769296,Liquidated 
2022-07-06T06:48:42Z,TSLA,230.713310262,511,Market On Open,Filled,117894.50154388, 
2022-07-06T19:45:00Z,TSLA,232.19997678,-511,Market,Filled,-118654.18813458,Liquidated 
2022-07-08T02:03:54Z,TSLA,242.3333091,490,Market On Open,Filled,118743.321459, 
2022-07-08T19:45:00Z,TSLA,250.969974903,-490,Market,Filled,-122975.28770247,Liquidated 
2022-07-14T01:31:40Z,TSLA,234.896643177,523,Market On Open,Filled,122850.94438157, 
2022-07-14T19:45:00Z,TSLA,237.516642915,-523,Market,Filled,-124221.20424455,Liquidated 
2022-07-19T11:01:38Z,TSLA,244.9999755,521,Market On Open,Filled,127644.9872355, 
2022-07-19T19:45:00Z,TSLA,245.253308808,-521,Market,Filled,-127776.97388897,Liquidated 
2022-07-19T19:56:22Z,TSLA,245.273308806,512,Market,Filled,125579.93410867, 
2022-07-20T19:45:00Z,TSLA,248.083308525,-512,Market,Filled,-127018.6539648,Liquidated 
2022-07-24T05:23:12Z,TSLA,272.206639446,466,Market On Open,Filled,126848.29398184, 
2022-07-25T06:25:00Z,TSLA,272.206639446,-932,Market On Open,Filled,-253696.58796367, 
2022-07-25T19:45:00Z,TSLA,267.946639872,466,Market,Filled,124863.13418035,Liquidated 
2022-07-26T00:41:56Z,TSLA,266.49997335,480,Market On Open,Filled,127919.987208, 
2022-07-26T19:45:00Z,TSLA,257.69997423,-480,Market,Filled,-123695.9876304,Liquidated 
2022-07-29T04:23:53Z,TSLA,280.769971923,444,Market On Open,Filled,124661.86753381, 
2022-07-29T19:45:00Z,TSLA,296.93330364,-444,Market,Filled,-131838.38681616,Liquidated 
2022-08-11T07:38:12Z,TSLA,296.513303682,-448,Market On Open,Filled,-132837.96004954, 
2022-08-11T19:45:00Z,TSLA,286.3333047,448,Market,Filled,128277.3205056,Liquidated 
2022-08-14T21:27:50Z,TSLA,301.773303156,455,Market On Open,Filled,137306.85293598, 
2022-08-15T19:45:00Z,TSLA,310.6666356,-455,Market,Filled,-141353.319198,Liquidated 
2022-08-16T03:34:24Z,TSLA,311.6666355,454,Market On Open,Filled,141496.652517, 
2022-08-16T19:45:00Z,TSLA,306.719969328,-454,Market,Filled,-139250.86607491,Liquidated 
2022-08-21T05:05:46Z,TSLA,292.136637453,466,Market On Open,Filled,136135.6730531, 
2022-08-22T19:45:00Z,TSLA,289.053304428,-466,Market,Filled,-134698.83986345,Liquidated 
2022-09-09T00:40:08Z,TSLA,291.6,473,Market On Open,Filled,137926.8, 
2022-09-09T19:45:00Z,TSLA,299.37,-473,Market,Filled,-141602.01,Liquidated 
2022-09-21T20:00:15Z,TSLA,300,467,Market On Open,Filled,140100, 
2022-09-22T19:45:00Z,TSLA,289.99,-467,Market,Filled,-135425.33,Liquidated 
2022-09-23T08:20:01Z,TSLA,282.75,-470,Market On Open,Filled,-132892.5, 
2022-09-23T19:45:00Z,TSLA,275.74,470,Market,Filled,129597.8,Liquidated 
2022-10-01T02:04:36Z,TSLA,254.4,524,Market On Open,Filled,133305.6, 
2022-10-03T19:45:00Z,TSLA,244.18,-524,Market,Filled,-127950.32,Liquidated 
2022-10-10T02:22:17Z,TSLA,223.91,599,Market On Open,Filled,134122.09, 
2022-10-10T19:45:00Z,TSLA,223.58,-599,Market,Filled,-133924.42,Liquidated 
2022-10-11T02:31:16Z,TSLA,221,599,Market On Open,Filled,132379, 
2022-10-11T19:45:00Z,TSLA,216.24,-599,Market,Filled,-129527.76,Liquidated 
2022-10-13T01:20:16Z,TSLA,208.49,-601,Market On Open,Filled,-125302.49, 
2022-10-13T19:45:00Z,TSLA,221.16,601,Market,Filled,132917.16,Liquidated 
2022-10-17T16:15:48Z,TSLA,219.46,561,Market,Filled,123117.06, 
2022-10-17T19:45:00Z,TSLA,219.87,-561,Market,Filled,-123347.07,Liquidated 
2022-10-18T04:28:18Z,TSLA,229.2,562,Market On Open,Filled,128810.4, 
2022-10-18T19:45:00Z,TSLA,220.3,-562,Market,Filled,-123808.6,Liquidated 
2022-10-19T22:14:39Z,TSLA,208.3,533,Market On Open,Filled,111023.9, 
2022-10-20T19:45:00Z,TSLA,207.08,-533,Market,Filled,-110373.64,Liquidated 
2022-10-24T09:40:47Z,TSLA,205.63,549,Market On Open,Filled,112890.87, 
2022-10-24T19:45:00Z,TSLA,211.34,-549,Market,Filled,-116025.66,Liquidated 
2022-11-10T11:52:26Z,TSLA,189.83,680,Market On Open,Filled,129084.4, 
2022-11-10T20:45:00Z,TSLA,189.12,-680,Market,Filled,-128601.6,Liquidated 
2022-11-13T22:59:00Z,TSLA,192.81,614,Market On Open,Filled,118385.34, 
2022-11-14T20:45:00Z,TSLA,191.22,-614,Market,Filled,-117409.08,Liquidated 
2022-11-21T03:31:51Z,TSLA,175.94,662,Market On Open,Filled,116472.28, 
2022-11-21T20:45:00Z,TSLA,167.99,-662,Market,Filled,-111209.38,Liquidated 
2022-11-27T18:52:24Z,TSLA,179.57,624,Market On Open,Filled,112051.68, 
2022-11-28T20:45:00Z,TSLA,183.54,-624,Market,Filled,-114528.96,Liquidated 
2022-11-28T23:14:42Z,TSLA,185,-637,Market On Open,Filled,-117845, 
2022-11-29T20:45:00Z,TSLA,180.63,637,Market,Filled,115061.31,Liquidated 
2022-12-01T01:54:34Z,TSLA,197,613,Market On Open,Filled,120761, 
2022-12-01T20:45:00Z,TSLA,194.92,-613,Market,Filled,-119485.96,Liquidated 
2022-12-14T00:02:12Z,TSLA,159.34,733,Market On Open,Filled,116796.22, 
2022-12-14T20:45:00Z,TSLA,156.91,-733,Market,Filled,-115015.03,Liquidated 
2022-12-22T23:38:21Z,TSLA,126.45,927,Market On Open,Filled,117219.15, 
2022-12-23T20:45:00Z,TSLA,123.29,-927,Market,Filled,-114289.83,Liquidated 
2022-12-31T03:52:35Z,TSLA,118.33,920,Market On Open,Filled,108863.6, 
2023-01-03T20:45:00Z,TSLA,107.99,-920,Market,Filled,-99350.8,Liquidated 
2023-01-12T02:02:24Z,TSLA,122.5,843,Market On Open,Filled,103267.5, 
2023-01-12T20:45:00Z,TSLA,123.11,-843,Market,Filled,-103781.73,Liquidated 
2023-01-19T01:20:00Z,TSLA,127.32,810,Market On Open,Filled,103129.2, 
2023-01-19T20:45:00Z,TSLA,127.31,-810,Market,Filled,-103121.1,Liquidated 
2023-01-20T02:16:05Z,TSLA,128.37,-820,Market On Open,Filled,-105263.4, 
2023-01-20T09:55:20Z,TSLA,128.37,1640,Market On Open,Filled,210526.8, 
2023-01-20T20:45:00Z,TSLA,133.17,-820,Market,Filled,-109199.4,Liquidated 
2023-01-23T00:58:28Z,TSLA,135.85,811,Market On Open,Filled,110174.35, 
2023-01-23T20:45:00Z,TSLA,142.65,-811,Market,Filled,-115689.15,Liquidated 
2023-01-26T08:05:55Z,TSLA,159.99,787,Market On Open,Filled,125912.13, 
2023-01-26T20:45:00Z,TSLA,159.06,-787,Market,Filled,-125180.22,Liquidated 
2023-01-29T00:52:15Z,TSLA,178.05,635,Market On Open,Filled,113061.75, 
2023-01-30T20:45:00Z,TSLA,168,-635,Market,Filled,-106680,Liquidated 
2023-01-30T21:58:38Z,TSLA,164.4,640,Market On Open,Filled,105216, 
2023-01-31T20:45:00Z,TSLA,172.07,-640,Market,Filled,-110124.8,Liquidated 
2023-02-03T05:04:03Z,TSLA,184.15,592,Market On Open,Filled,109016.8, 
2023-02-03T20:45:00Z,TSLA,189.89,-592,Market,Filled,-112414.88,Liquidated 
2023-02-03T22:05:18Z,TSLA,193,605,Market On Open,Filled,116765, 
2023-02-06T20:45:00Z,TSLA,194.54,-605,Market,Filled,-117696.7,Liquidated 
2023-02-11T19:28:09Z,TSLA,194.5,588,Market On Open,Filled,114366, 
2023-02-13T20:45:00Z,TSLA,195.39,-588,Market,Filled,-114889.32,Liquidated 
2023-02-18T03:15:38Z,TSLA,204.99,558,Market On Open,Filled,114384.42, 
2023-02-21T20:45:00Z,TSLA,199.11,-558,Market,Filled,-111103.38,Liquidated 
2023-02-22T01:39:26Z,TSLA,197.7,573,Market On Open,Filled,113282.1, 
2023-02-22T20:45:00Z,TSLA,199.25,-573,Market,Filled,-114170.25,Liquidated 
2023-02-23T07:30:23Z,TSLA,203.86,567,Market On Open,Filled,115588.62, 
2023-02-23T20:45:00Z,TSLA,202.58,-567,Market,Filled,-114862.86,Liquidated 
2023-02-25T00:43:01Z,TSLA,202,-575,Market On Open,Filled,-116150, 
2023-02-27T20:01:38Z,TSLA,208.24,1101,Market,Filled,229272.24, 
2023-02-27T20:45:00Z,TSLA,206.57,-526,Market,Filled,-108655.82,Liquidated 
2023-03-01T05:14:28Z,TSLA,206.13,-528,Market On Open,Filled,-108836.64, 
2023-03-01T20:45:00Z,TSLA,202.9,528,Market,Filled,107131.2,Liquidated 
2023-03-12T08:12:27Z,TSLA,167.49,637,Market On Open,Filled,106691.13, 
2023-03-13T19:45:00Z,TSLA,175.35,-637,Market,Filled,-111697.95,Liquidated 
2023-03-14T08:57:16Z,TSLA,177.3,661,Market On Open,Filled,117195.3, 
2023-03-14T19:45:00Z,TSLA,181.09,-661,Market,Filled,-119700.49,Liquidated 
2023-03-26T00:54:43Z,TSLA,194.36,619,Market On Open,Filled,120308.84, 
2023-03-27T19:45:00Z,TSLA,192.94,-619,Market,Filled,-119429.86,Liquidated 
2023-03-29T11:16:58Z,TSLA,193.17,618,Market On Open,Filled,119379.06, 
2023-03-29T19:45:00Z,TSLA,193.26,-618,Market,Filled,-119434.68,Liquidated 
2023-04-13T08:04:33Z,TSLA,182.75,648,Market On Open,Filled,118422, 
2023-04-13T19:45:00Z,TSLA,186,-648,Market,Filled,-120528,Liquidated 
2023-04-14T05:43:32Z,TSLA,184,641,Market On Open,Filled,117944, 
2023-04-14T10:45:59Z,TSLA,184,-1282,Market On Open,Filled,-235888, 
2023-04-14T19:45:00Z,TSLA,185.21,641,Market,Filled,118719.61,Liquidated 
2023-04-18T06:44:04Z,TSLA,187.05,633,Market On Open,Filled,118402.65, 
2023-04-18T19:45:00Z,TSLA,184.85,-633,Market,Filled,-117010.05,Liquidated 
2023-04-23T22:04:57Z,TSLA,164.64,-708,Market On Open,Filled,-116565.12, 
2023-04-24T19:45:00Z,TSLA,162.81,708,Market,Filled,115269.48,Liquidated 
2023-04-25T03:05:01Z,TSLA,159.86,727,Market On Open,Filled,116218.22, 
2023-04-25T19:45:00Z,TSLA,161.14,-727,Market,Filled,-117148.78,Liquidated 
2023-05-08T21:45:31Z,TSLA,168.77,694,Market On Open,Filled,117126.38, 
2023-05-09T19:45:00Z,TSLA,168.87,-694,Market,Filled,-117195.78,Liquidated 
2023-05-10T07:43:26Z,TSLA,172.51,705,Market On Open,Filled,121619.55, 
2023-05-10T19:45:00Z,TSLA,169.35,-705,Market,Filled,-119391.75,Liquidated 
2023-05-11T13:17:44Z,TSLA,168.7,694,Market On Open,Filled,117077.8, 
2023-05-11T19:45:00Z,TSLA,171.48,-694,Market,Filled,-119007.12,Liquidated 
2023-05-14T06:30:47Z,TSLA,167.61,708,Market On Open,Filled,118667.88, 
2023-05-15T19:45:00Z,TSLA,165.66,-708,Market,Filled,-117287.28,Liquidated 
2023-05-17T21:44:06Z,TSLA,174.28,676,Market On Open,Filled,117813.28, 
2023-05-18T19:45:00Z,TSLA,176.49,-676,Market,Filled,-119307.24,Liquidated 
2023-06-01T21:57:16Z,TSLA,210,573,Market On Open,Filled,120330, 
2023-06-02T19:45:00Z,TSLA,214.83,-573,Market,Filled,-123097.59,Liquidated 
2023-06-03T07:44:07Z,TSLA,217.69,569,Market On Open,Filled,123865.61, 
2023-06-05T19:45:00Z,TSLA,217.97,-569,Market,Filled,-124024.93,Liquidated 
2023-06-10T06:13:07Z,TSLA,248,499,Market On Open,Filled,123752, 
2023-06-12T19:45:00Z,TSLA,249.44,-499,Market,Filled,-124470.56,Liquidated 
2023-06-20T23:31:21Z,TSLA,275,447,Market On Open,Filled,122925, 
2023-06-21T19:45:00Z,TSLA,261.18,-447,Market,Filled,-116747.46,Liquidated 
2023-06-22T03:27:27Z,TSLA,250.61,449,Market On Open,Filled,112523.89, 
2023-06-22T19:45:00Z,TSLA,264.02,-449,Market,Filled,-118544.98,Liquidated 
